total_tch,male,female,transgender,gen_tch,sc_tch,st_tch,Cluster,Deficit Tier
7,0,7,0,1,1,0,0,Server Deficit
40,14,26,0,5,5,0,1,Moderate Deficit
2,0,2,0,0,0,0,0,Server Deficit
2,1,1,0,0,1,0,0,Server Deficit
8,0,8,0,0,2,0,0,Server Deficit
2,1,1,0,0,1,0,0,Server Deficit
8,1,7,0,2,1,0,0,Server Deficit
23,1,22,0,9,1,0,0,Server Deficit
3,0,3,0,0,0,0,0,Server Deficit
16,5,11,0,0,0,0,0,Server Deficit
5,0,5,0,1,2,0,0,Server Deficit
1,0,1,0,0,0,0,0,Server Deficit
15,3,12,0,1,1,0,0,Server Deficit
1,1,0,0,0,0,0,0,Server Deficit
7,0,7,0,4,1,0,0,Server Deficit
6,0,6,0,1,0,2,0,Server Deficit
25,0,25,0,1,4,0,1,Moderate Deficit
2,0,2,0,0,0,0,0,Server Deficit
21,1,20,0,2,1,0,0,Server Deficit
6,1,5,0,2,0,0,0,Server Deficit
7,0,7,0,0,2,0,0,Server Deficit
10,0,10,0,0,1,0,0,Server Deficit
6,0,6,0,1,0,0,0,Server Deficit
9,1,8,0,0,0,0,0,Server Deficit
45,0,45,0,3,6,0,1,Moderate Deficit
33,6,27,0,5,5,0,1,Moderate Deficit
22,0,22,0,6,1,0,0,Server Deficit
2,1,1,0,1,0,0,0,Server Deficit
2,1,1,0,0,0,0,0,Server Deficit
1,1,0,0,0,1,0,0,Server Deficit
12,1,11,0,12,0,0,0,Server Deficit
75,25,50,0,12,15,0,2,Well Equipped
15,0,15,0,0,3,0,0,Server Deficit
2,1,1,0,0,1,0,0,Server Deficit
9,1,8,0,6,0,0,0,Server Deficit
5,1,4,0,1,0,0,0,Server Deficit
2,0,2,0,0,1,0,0,Server Deficit
2,0,2,0,0,0,0,0,Server Deficit
4,0,4,0,0,0,0,0,Server Deficit
7,1,6,0,0,0,0,0,Server Deficit
12,1,11,0,4,1,0,0,Server Deficit
14,4,10,0,1,4,0,1,Moderate Deficit
6,0,6,0,0,2,0,0,Server Deficit
7,3,4,0,0,2,0,0,Server Deficit
24,1,23,0,2,4,0,1,Moderate Deficit
2,0,2,0,1,0,0,0,Server Deficit
8,4,4,0,3,0,0,0,Server Deficit
32,2,30,0,2,1,0,1,Moderate Deficit
27,16,11,0,0,0,0,1,Moderate Deficit
4,2,2,0,0,0,0,0,Server Deficit
7,1,6,0,1,0,0,0,Server Deficit
58,8,50,0,18,1,0,2,Well Equipped
22,7,15,0,3,0,0,0,Server Deficit
2,1,1,0,0,0,0,0,Server Deficit
8,0,8,0,1,0,0,0,Server Deficit
19,9,10,0,1,0,0,0,Server Deficit
2,0,2,0,0,0,0,0,Server Deficit
4,0,4,0,0,4,0,0,Server Deficit
7,2,5,0,0,2,0,0,Server Deficit
4,2,2,0,0,0,0,0,Server Deficit
2,0,2,0,0,2,0,0,Server Deficit
39,11,28,0,39,0,0,2,Well Equipped
7,0,7,0,1,1,0,0,Server Deficit
107,7,100,0,47,2,0,2,Well Equipped
14,0,14,0,7,0,0,0,Server Deficit
4,1,3,0,1,0,0,0,Server Deficit
24,6,18,0,1,8,0,1,Moderate Deficit
8,1,7,0,2,2,0,0,Server Deficit
6,2,4,0,0,0,0,0,Server Deficit
3,0,3,0,0,0,0,0,Server Deficit
31,13,18,0,4,4,0,1,Moderate Deficit
4,1,3,0,1,0,0,0,Server Deficit
35,13,22,0,2,7,0,1,Moderate Deficit
24,4,20,0,1,1,0,0,Server Deficit
27,3,24,0,1,14,0,1,Moderate Deficit
7,0,7,0,1,0,0,0,Server Deficit
5,1,4,0,0,1,0,0,Server Deficit
3,0,3,0,0,0,0,0,Server Deficit
5,0,5,0,0,1,0,0,Server Deficit
17,3,14,0,3,1,0,0,Server Deficit
5,1,4,0,1,0,0,0,Server Deficit
4,0,4,0,0,0,0,0,Server Deficit
7,0,7,0,3,0,1,0,Server Deficit
3,0,3,0,0,0,0,0,Server Deficit
7,0,7,0,2,0,0,0,Server Deficit
21,1,20,0,2,0,0,0,Server Deficit
2,1,1,0,0,0,0,0,Server Deficit
1,0,1,0,0,1,0,0,Server Deficit
2,1,1,0,0,0,0,0,Server Deficit
7,2,5,0,1,0,0,0,Server Deficit
47,16,31,0,7,7,0,1,Moderate Deficit
8,0,8,0,0,1,1,0,Server Deficit
11,1,10,0,1,0,0,0,Server Deficit
1,1,0,0,0,1,0,0,Server Deficit
2,2,0,0,0,0,0,0,Server Deficit
0,0,0,0,0,0,0,0,Server Deficit
2,0,2,0,0,1,0,0,Server Deficit
2,0,2,0,1,0,0,0,Server Deficit
15,4,11,0,1,3,0,0,Server Deficit
2,1,1,0,0,0,0,0,Server Deficit
6,0,6,0,1,1,0,0,Server Deficit
43,7,36,0,15,4,0,1,Moderate Deficit
9,4,5,0,1,2,0,0,Server Deficit
11,3,8,0,1,1,0,0,Server Deficit
39,2,37,0,2,5,0,1,Moderate Deficit
59,9,50,0,3,5,0,1,Moderate Deficit
2,0,2,0,0,1,0,0,Server Deficit
4,1,3,0,0,1,0,0,Server Deficit
2,0,2,0,1,0,0,0,Server Deficit
2,0,2,0,0,0,0,0,Server Deficit
1,0,1,0,0,0,0,0,Server Deficit
2,0,2,0,0,0,0,0,Server Deficit
1,0,1,0,0,0,0,0,Server Deficit
10,4,6,0,3,3,0,0,Server Deficit
2,0,2,0,0,0,0,0,Server Deficit
7,0,7,0,1,0,0,0,Server Deficit
16,1,15,0,1,1,0,0,Server Deficit
2,1,1,0,0,0,0,0,Server Deficit
30,5,25,0,2,5,0,1,Moderate Deficit
31,4,27,0,14,0,0,1,Moderate Deficit
29,4,25,0,2,0,0,1,Moderate Deficit
30,4,26,0,2,6,0,1,Moderate Deficit
1,1,0,0,0,0,0,0,Server Deficit
14,0,14,0,0,2,0,0,Server Deficit
1,0,1,0,0,1,0,0,Server Deficit
2,0,2,0,0,1,0,0,Server Deficit
2,0,2,0,0,1,0,0,Server Deficit
47,6,41,0,24,5,0,2,Well Equipped
23,3,20,0,10,3,0,1,Moderate Deficit
2,0,2,0,0,0,0,0,Server Deficit
7,0,7,0,2,1,0,0,Server Deficit
26,10,16,0,2,4,0,1,Moderate Deficit
2,1,1,0,0,0,0,0,Server Deficit
15,2,13,0,3,1,0,0,Server Deficit
5,0,5,0,1,0,0,0,Server Deficit
12,0,12,0,1,0,0,0,Server Deficit
13,4,9,0,0,1,0,0,Server Deficit
5,1,4,0,0,1,1,0,Server Deficit
10,1,9,0,0,1,0,0,Server Deficit
12,0,12,0,1,0,0,0,Server Deficit
8,2,6,0,3,1,0,0,Server Deficit
4,1,3,0,0,0,0,0,Server Deficit
6,0,6,0,1,1,0,0,Server Deficit
20,3,17,0,6,0,0,0,Server Deficit
11,1,10,0,8,1,1,0,Server Deficit
2,0,2,0,0,2,0,0,Server Deficit
6,3,3,0,0,1,0,0,Server Deficit
2,0,2,0,0,1,0,0,Server Deficit
23,1,22,0,2,3,0,1,Moderate Deficit
2,1,1,0,0,0,0,0,Server Deficit
3,0,3,0,0,0,0,0,Server Deficit
2,0,2,0,0,2,0,0,Server Deficit
2,1,1,0,0,1,0,0,Server Deficit
2,0,2,0,0,1,0,0,Server Deficit
30,5,25,0,2,4,0,1,Moderate Deficit
19,4,15,0,2,4,0,1,Moderate Deficit
3,1,2,0,0,0,0,0,Server Deficit
15,3,12,0,7,0,0,0,Server Deficit
5,0,5,0,0,0,0,0,Server Deficit
6,0,6,0,0,0,1,0,Server Deficit
5,0,5,0,0,0,0,0,Server Deficit
45,6,39,0,15,2,1,1,Moderate Deficit
35,6,29,0,2,2,1,1,Moderate Deficit
2,0,2,0,0,0,0,0,Server Deficit
2,1,1,0,0,1,0,0,Server Deficit
4,0,4,0,0,0,0,0,Server Deficit
31,1,30,0,0,1,0,1,Moderate Deficit
3,0,3,0,0,1,0,0,Server Deficit
3,0,3,0,0,1,0,0,Server Deficit
6,0,6,0,0,2,0,0,Server Deficit
21,5,16,0,1,4,0,1,Moderate Deficit
1,0,1,0,0,0,0,0,Server Deficit
2,1,1,0,0,0,0,0,Server Deficit
16,2,14,0,0,3,0,0,Server Deficit
14,2,12,0,0,3,0,0,Server Deficit
17,2,15,0,0,1,0,0,Server Deficit
54,6,48,0,3,16,1,1,Moderate Deficit
3,0,3,0,0,0,0,0,Server Deficit
21,3,18,0,1,2,0,0,Server Deficit
28,10,18,0,4,5,1,1,Moderate Deficit
5,0,5,0,1,1,0,0,Server Deficit
4,0,4,0,0,0,0,0,Server Deficit
21,5,16,0,2,6,0,1,Moderate Deficit
2,0,2,0,0,0,0,0,Server Deficit
47,2,45,0,9,3,0,1,Moderate Deficit
2,0,2,0,0,0,0,0,Server Deficit
33,2,31,0,2,5,0,1,Moderate Deficit
1,1,0,0,0,1,0,0,Server Deficit
1,0,1,0,0,1,0,0,Server Deficit
8,0,8,0,1,1,0,0,Server Deficit
2,0,2,0,0,0,0,0,Server Deficit
1,0,1,0,0,0,0,0,Server Deficit
4,0,4,0,1,2,0,0,Server Deficit
2,0,2,0,0,0,0,0,Server Deficit
2,0,2,0,0,0,0,0,Server Deficit
61,11,50,0,57,1,0,2,Well Equipped
2,1,1,0,0,0,0,0,Server Deficit
9,1,8,0,2,1,0,0,Server Deficit
29,4,25,0,4,1,0,1,Moderate Deficit
9,0,9,0,0,1,0,0,Server Deficit
2,1,1,0,0,0,0,0,Server Deficit
35,5,30,0,0,3,0,1,Moderate Deficit
16,1,15,0,2,3,0,0,Server Deficit
5,0,5,0,0,0,0,0,Server Deficit
3,0,3,0,0,0,0,0,Server Deficit
29,2,27,0,16,5,0,1,Moderate Deficit
17,0,17,0,0,3,0,0,Server Deficit
2,0,2,0,0,1,0,0,Server Deficit
27,2,25,0,10,0,0,0,Server Deficit
1,0,1,0,0,0,0,0,Server Deficit
55,7,48,0,33,1,0,2,Well Equipped
5,0,5,0,0,0,0,0,Server Deficit
11,5,6,0,2,2,0,0,Server Deficit
18,3,15,0,3,3,0,1,Moderate Deficit
2,0,2,0,1,0,0,0,Server Deficit
2,1,1,0,1,0,0,0,Server Deficit
17,1,16,0,0,0,0,0,Server Deficit
2,0,2,0,0,0,0,0,Server Deficit
30,14,16,0,1,7,0,1,Moderate Deficit
18,0,18,0,12,0,0,0,Server Deficit
6,0,6,0,1,0,0,0,Server Deficit
23,0,23,0,5,2,0,0,Server Deficit
9,0,9,0,1,1,0,0,Server Deficit
8,0,8,0,0,1,0,0,Server Deficit
6,0,6,0,1,1,0,0,Server Deficit
43,13,30,0,5,9,0,1,Moderate Deficit
6,0,6,0,1,2,0,0,Server Deficit
10,0,10,0,0,2,0,0,Server Deficit
2,0,2,0,0,1,0,0,Server Deficit
2,2,0,0,0,2,0,0,Server Deficit
2,0,2,0,0,1,0,0,Server Deficit
21,5,16,0,3,10,0,1,Moderate Deficit
2,1,1,0,0,1,0,0,Server Deficit
2,1,1,0,1,0,0,0,Server Deficit
10,2,8,0,1,3,0,0,Server Deficit
1,1,0,0,0,0,0,0,Server Deficit
7,0,7,0,2,0,1,0,Server Deficit
1,1,0,0,0,1,0,0,Server Deficit
6,1,5,0,2,0,0,0,Server Deficit
2,0,2,0,0,0,0,0,Server Deficit
2,0,2,0,0,0,0,0,Server Deficit
40,2,38,0,0,5,0,1,Moderate Deficit
6,2,4,0,1,0,0,0,Server Deficit
7,0,7,0,0,3,0,0,Server Deficit
17,0,17,0,2,3,0,0,Server Deficit
8,0,8,0,1,1,0,0,Server Deficit
7,1,6,0,0,1,0,0,Server Deficit
2,0,2,0,0,0,0,0,Server Deficit
7,0,7,0,0,2,1,0,Server Deficit
36,0,36,0,8,0,0,1,Moderate Deficit
4,0,4,0,1,0,0,0,Server Deficit
14,0,14,0,1,0,0,0,Server Deficit
3,1,2,0,0,0,0,0,Server Deficit
15,3,12,0,1,0,0,0,Server Deficit
23,3,20,0,2,0,0,0,Server Deficit
4,0,4,0,1,0,0,0,Server Deficit
6,0,6,0,0,0,0,0,Server Deficit
9,0,9,0,9,0,0,0,Server Deficit
1,0,1,0,0,0,0,0,Server Deficit
34,14,20,0,1,4,0,1,Moderate Deficit
18,4,14,0,1,1,0,0,Server Deficit
2,0,2,0,0,0,0,0,Server Deficit
13,1,12,0,1,1,0,0,Server Deficit
11,4,7,0,0,3,0,0,Server Deficit
1,0,1,0,0,0,0,0,Server Deficit
9,1,8,0,1,2,0,0,Server Deficit
16,2,14,0,8,0,0,0,Server Deficit
10,0,10,0,1,3,0,0,Server Deficit
22,4,18,0,2,0,0,0,Server Deficit
21,4,17,0,3,3,0,1,Moderate Deficit
2,0,2,0,0,0,0,0,Server Deficit
1,0,1,0,0,1,0,0,Server Deficit
37,4,33,0,10,2,0,1,Moderate Deficit
2,0,2,0,0,0,0,0,Server Deficit
2,0,2,0,0,0,0,0,Server Deficit
2,0,2,0,0,1,0,0,Server Deficit
2,2,0,0,0,0,0,0,Server Deficit
18,2,16,0,6,4,0,1,Moderate Deficit
8,2,6,0,0,3,0,0,Server Deficit
10,0,10,0,2,1,1,0,Server Deficit
8,2,6,0,2,1,0,0,Server Deficit
6,4,2,0,0,0,1,0,Server Deficit
7,4,3,0,0,2,0,0,Server Deficit
8,1,7,0,0,0,0,0,Server Deficit
11,1,10,0,0,2,0,0,Server Deficit
5,0,5,0,1,0,0,0,Server Deficit
2,0,2,0,0,2,0,0,Server Deficit
18,0,18,0,2,0,0,0,Server Deficit
2,0,2,0,0,0,0,0,Server Deficit
2,0,2,0,0,0,0,0,Server Deficit
2,1,1,0,0,2,0,0,Server Deficit
7,1,6,0,0,2,0,0,Server Deficit
7,0,7,0,2,0,0,0,Server Deficit
47,5,42,0,8,4,0,1,Moderate Deficit
24,2,22,0,1,7,0,1,Moderate Deficit
63,3,60,0,20,4,0,2,Well Equipped
5,0,5,0,1,0,1,0,Server Deficit
0,0,0,0,0,0,0,0,Server Deficit
1,1,0,0,0,0,0,0,Server Deficit
22,9,13,0,5,4,0,1,Moderate Deficit
2,0,2,0,0,0,0,0,Server Deficit
2,0,2,0,0,0,0,0,Server Deficit
1,1,0,0,0,1,0,0,Server Deficit
43,5,38,0,2,3,0,1,Moderate Deficit
2,0,2,0,0,0,0,0,Server Deficit
13,1,12,0,1,4,0,0,Server Deficit
64,8,56,0,9,3,0,1,Moderate Deficit
2,1,1,0,0,0,0,0,Server Deficit
2,1,1,0,1,0,0,0,Server Deficit
30,8,22,0,2,2,0,1,Moderate Deficit
4,1,3,0,0,0,0,0,Server Deficit
2,0,2,0,0,1,0,0,Server Deficit
47,3,44,0,4,2,0,1,Moderate Deficit
2,1,1,0,0,0,0,0,Server Deficit
9,1,8,0,2,2,0,0,Server Deficit
2,1,1,0,0,0,0,0,Server Deficit
4,0,4,0,1,0,0,0,Server Deficit
21,7,14,0,2,6,0,1,Moderate Deficit
2,0,2,0,0,0,0,0,Server Deficit
6,0,6,0,3,1,0,0,Server Deficit
11,4,7,0,0,2,0,0,Server Deficit
6,1,5,0,1,2,0,0,Server Deficit
2,1,1,0,0,0,0,0,Server Deficit
6,0,6,0,0,0,0,0,Server Deficit
13,0,13,0,0,6,0,1,Moderate Deficit
4,1,3,0,1,2,0,0,Server Deficit
29,6,23,0,4,2,0,1,Moderate Deficit
98,18,80,0,24,1,0,2,Well Equipped
2,0,2,0,0,0,0,0,Server Deficit
6,0,6,0,0,0,0,0,Server Deficit
2,0,2,0,1,1,0,0,Server Deficit
7,1,6,0,1,1,0,0,Server Deficit
88,5,83,0,17,2,0,2,Well Equipped
5,0,5,0,0,0,0,0,Server Deficit
6,0,6,0,1,2,0,0,Server Deficit
2,0,2,0,0,0,0,0,Server Deficit
10,0,10,0,1,0,0,0,Server Deficit
2,0,2,0,0,0,0,0,Server Deficit
6,0,6,0,1,0,0,0,Server Deficit
2,0,2,0,0,0,0,0,Server Deficit
38,1,37,0,6,1,0,1,Moderate Deficit
1,0,1,0,0,0,0,0,Server Deficit
9,1,8,0,0,3,0,0,Server Deficit
2,0,2,0,1,0,0,0,Server Deficit
2,0,2,0,0,0,0,0,Server Deficit
4,0,4,0,0,0,0,0,Server Deficit
29,1,28,0,4,1,0,1,Moderate Deficit
2,2,0,0,0,0,0,0,Server Deficit
2,0,2,0,0,2,0,0,Server Deficit
2,1,1,0,0,0,0,0,Server Deficit
10,1,9,0,0,0,0,0,Server Deficit
2,0,2,0,0,0,0,0,Server Deficit
2,1,1,0,0,1,0,0,Server Deficit
11,2,9,0,0,2,0,0,Server Deficit
6,1,5,0,1,0,0,0,Server Deficit
14,0,14,0,3,1,0,0,Server Deficit
5,1,4,0,0,1,0,0,Server Deficit
17,1,16,0,16,0,0,0,Server Deficit
29,4,25,0,4,2,0,1,Moderate Deficit
3,1,2,0,0,0,0,0,Server Deficit
40,6,34,0,12,3,0,1,Moderate Deficit
25,2,23,0,7,1,0,0,Server Deficit
2,1,1,0,0,1,0,0,Server Deficit
13,1,12,0,1,1,0,0,Server Deficit
6,1,5,0,1,1,0,0,Server Deficit
2,1,1,0,0,0,0,0,Server Deficit
6,0,6,0,0,3,0,0,Server Deficit
2,0,2,0,0,0,0,0,Server Deficit
4,0,4,0,0,0,1,0,Server Deficit
23,0,23,0,4,1,0,0,Server Deficit
19,7,12,0,1,2,1,1,Moderate Deficit
18,5,13,0,1,5,1,1,Moderate Deficit
8,1,7,0,1,4,0,0,Server Deficit
2,1,1,0,0,0,0,0,Server Deficit
29,1,28,0,7,1,0,1,Moderate Deficit
1,0,1,0,0,1,0,0,Server Deficit
2,1,1,0,1,0,0,0,Server Deficit
4,1,3,0,0,1,0,0,Server Deficit
2,1,1,0,0,0,0,0,Server Deficit
4,0,4,0,0,1,0,0,Server Deficit
6,0,6,0,1,1,0,0,Server Deficit
43,6,37,0,15,6,0,1,Moderate Deficit
2,0,2,0,0,1,0,0,Server Deficit
2,1,1,0,0,1,0,0,Server Deficit
53,11,42,0,12,1,1,1,Moderate Deficit
9,2,7,0,0,0,0,0,Server Deficit
9,3,6,0,0,1,0,0,Server Deficit
7,5,2,0,0,5,0,0,Server Deficit
15,2,13,0,4,0,0,0,Server Deficit
2,1,1,0,0,2,0,0,Server Deficit
2,0,2,0,0,0,0,0,Server Deficit
4,2,2,0,0,0,0,0,Server Deficit
4,1,3,0,0,0,0,0,Server Deficit
36,6,30,0,2,2,0,1,Moderate Deficit
40,0,40,0,4,1,0,1,Moderate Deficit
14,5,9,0,0,0,0,0,Server Deficit
13,2,11,0,4,0,0,0,Server Deficit
5,5,0,0,0,0,0,0,Server Deficit
1,1,0,0,0,1,0,0,Server Deficit
2,0,2,0,0,0,0,0,Server Deficit
9,0,9,0,5,1,0,0,Server Deficit
23,3,20,0,2,3,0,1,Moderate Deficit
7,0,7,0,1,0,0,0,Server Deficit
2,1,1,0,0,0,0,0,Server Deficit
29,11,18,0,1,6,1,1,Moderate Deficit
9,2,7,0,0,0,0,0,Server Deficit
6,0,6,0,0,0,0,0,Server Deficit
8,0,8,0,1,0,0,0,Server Deficit
2,1,1,0,0,0,0,0,Server Deficit
6,0,6,0,0,0,0,0,Server Deficit
14,2,12,0,1,0,0,0,Server Deficit
2,1,1,0,0,0,0,0,Server Deficit
19,0,19,0,1,4,0,0,Server Deficit
17,12,5,0,1,0,0,1,Moderate Deficit
19,1,18,0,2,5,0,1,Moderate Deficit
9,2,7,0,0,6,0,1,Moderate Deficit
30,1,29,0,3,3,0,1,Moderate Deficit
3,0,3,0,0,1,0,0,Server Deficit
19,6,13,0,1,3,0,1,Moderate Deficit
2,2,0,0,0,0,0,0,Server Deficit
2,1,1,0,0,0,1,0,Server Deficit
2,1,1,0,0,0,0,0,Server Deficit
31,4,27,0,5,3,0,1,Moderate Deficit
9,4,5,0,1,2,0,0,Server Deficit
2,0,2,0,0,1,0,0,Server Deficit
1,1,0,0,0,1,0,0,Server Deficit
27,5,22,0,1,3,0,1,Moderate Deficit
2,1,1,0,0,1,0,0,Server Deficit
2,0,2,0,0,0,0,0,Server Deficit
15,2,13,0,0,0,0,0,Server Deficit
9,2,7,0,0,0,0,0,Server Deficit
2,0,2,0,1,0,0,0,Server Deficit
8,0,8,0,6,0,0,0,Server Deficit
13,0,13,0,0,3,0,0,Server Deficit
13,1,12,0,1,1,0,0,Server Deficit
12,1,11,0,3,0,0,0,Server Deficit
3,0,3,0,0,1,0,0,Server Deficit
2,0,2,0,0,0,0,0,Server Deficit
14,0,14,0,5,0,0,0,Server Deficit
9,0,9,0,0,0,0,0,Server Deficit
5,0,5,0,0,1,0,0,Server Deficit
2,1,1,0,0,2,0,0,Server Deficit
4,1,3,0,2,1,0,0,Server Deficit
2,0,2,0,0,0,0,0,Server Deficit
7,0,7,0,0,0,0,0,Server Deficit
14,3,11,0,0,1,0,0,Server Deficit
2,0,2,0,0,0,0,0,Server Deficit
2,2,0,0,0,0,0,0,Server Deficit
2,0,2,0,0,0,0,0,Server Deficit
2,0,2,0,0,1,0,0,Server Deficit
70,9,61,0,18,3,0,2,Well Equipped
2,2,0,0,0,1,0,0,Server Deficit
1,0,1,0,0,1,0,0,Server Deficit
9,2,7,0,1,2,0,0,Server Deficit
1,0,1,0,0,0,1,0,Server Deficit
29,0,29,0,7,2,0,1,Moderate Deficit
2,0,2,0,0,0,0,0,Server Deficit
18,0,18,0,1,0,0,0,Server Deficit
6,0,6,0,0,1,0,0,Server Deficit
7,2,5,0,0,1,0,0,Server Deficit
2,0,2,0,0,1,0,0,Server Deficit
2,0,2,0,0,0,0,0,Server Deficit
26,0,26,0,0,0,0,0,Server Deficit
2,0,2,0,0,0,0,0,Server Deficit
30,3,27,0,8,5,0,1,Moderate Deficit
2,0,2,0,1,0,0,0,Server Deficit
2,0,2,0,0,0,0,0,Server Deficit
2,2,0,0,0,0,0,0,Server Deficit
5,1,4,0,2,1,0,0,Server Deficit
14,0,14,0,1,2,0,0,Server Deficit
15,1,14,0,9,3,0,0,Server Deficit
3,1,2,0,0,1,0,0,Server Deficit
6,1,5,0,0,1,0,0,Server Deficit
11,1,10,0,0,2,0,0,Server Deficit
2,0,2,0,0,1,0,0,Server Deficit
12,6,6,0,0,0,0,0,Server Deficit
2,0,2,0,0,0,0,0,Server Deficit
6,3,3,0,0,1,0,0,Server Deficit
2,0,2,0,0,1,0,0,Server Deficit
2,0,2,0,1,0,0,0,Server Deficit
14,0,14,0,1,2,0,0,Server Deficit
2,0,2,0,0,1,0,0,Server Deficit
2,2,0,0,0,0,0,0,Server Deficit
13,3,10,0,2,0,0,0,Server Deficit
2,2,0,0,0,0,0,0,Server Deficit
2,0,2,0,0,0,0,0,Server Deficit
12,2,10,0,0,1,0,0,Server Deficit
3,0,3,0,0,0,0,0,Server Deficit
2,0,2,0,0,1,0,0,Server Deficit
10,4,6,0,1,3,0,0,Server Deficit
13,3,10,0,0,2,0,0,Server Deficit
40,1,39,0,1,1,0,1,Moderate Deficit
2,0,2,0,0,0,0,0,Server Deficit
2,1,1,0,0,1,0,0,Server Deficit
5,1,4,0,0,1,0,0,Server Deficit
1,1,0,0,0,0,0,0,Server Deficit
2,1,1,0,0,0,0,0,Server Deficit
35,6,29,0,1,2,0,1,Moderate Deficit
11,1,10,0,1,4,0,0,Server Deficit
2,1,1,0,0,0,0,0,Server Deficit
2,0,2,0,0,0,0,0,Server Deficit
22,2,20,0,8,3,0,1,Moderate Deficit
8,2,6,0,1,0,0,0,Server Deficit
2,0,2,0,0,2,0,0,Server Deficit
9,0,9,0,0,1,0,0,Server Deficit
18,3,15,0,3,2,0,0,Server Deficit
6,0,6,0,1,1,0,0,Server Deficit
6,0,6,0,1,0,0,0,Server Deficit
16,2,14,0,10,1,0,0,Server Deficit
5,0,5,0,5,0,0,0,Server Deficit
16,0,16,0,2,3,0,0,Server Deficit
2,0,2,0,1,1,0,0,Server Deficit
2,0,2,0,1,0,0,0,Server Deficit
17,6,11,0,0,2,0,0,Server Deficit
4,2,2,0,0,1,1,0,Server Deficit
5,0,5,0,1,0,0,0,Server Deficit
14,1,13,0,0,3,0,0,Server Deficit
4,1,3,0,0,2,0,0,Server Deficit
8,0,8,0,1,0,0,0,Server Deficit
3,0,3,0,1,0,0,0,Server Deficit
2,1,1,0,0,0,0,0,Server Deficit
25,4,21,0,7,0,0,0,Server Deficit
2,1,1,0,2,0,0,0,Server Deficit
7,0,7,0,2,1,0,0,Server Deficit
7,1,6,0,2,2,0,0,Server Deficit
8,0,8,0,1,1,0,0,Server Deficit
4,1,3,0,0,0,0,0,Server Deficit
11,3,8,0,0,2,0,0,Server Deficit
25,13,12,0,0,5,0,1,Moderate Deficit
3,0,3,0,0,1,0,0,Server Deficit
13,0,13,0,1,1,0,0,Server Deficit
54,6,48,0,47,3,0,2,Well Equipped
8,2,6,0,0,1,0,0,Server Deficit
95,7,88,0,29,3,0,2,Well Equipped
7,0,7,0,0,1,0,0,Server Deficit
4,0,4,0,0,1,0,0,Server Deficit
2,2,0,0,0,1,0,0,Server Deficit
4,0,4,0,0,0,0,0,Server Deficit
17,0,17,0,1,1,0,0,Server Deficit
7,0,7,0,1,1,0,0,Server Deficit
2,0,2,0,0,0,0,0,Server Deficit
2,1,1,0,0,0,0,0,Server Deficit
5,2,3,0,0,2,0,0,Server Deficit
36,4,32,0,2,1,1,1,Moderate Deficit
8,0,8,0,2,0,0,0,Server Deficit
29,13,16,0,2,0,0,1,Moderate Deficit
5,0,5,0,0,0,0,0,Server Deficit
2,0,2,0,0,1,0,0,Server Deficit
2,1,1,0,0,1,0,0,Server Deficit
2,0,2,0,0,0,0,0,Server Deficit
12,0,12,0,2,3,0,0,Server Deficit
2,1,1,0,0,0,0,0,Server Deficit
3,1,2,0,0,0,0,0,Server Deficit
2,0,2,0,0,1,0,0,Server Deficit
2,2,0,0,0,1,0,0,Server Deficit
16,2,14,0,2,2,0,0,Server Deficit
11,4,7,0,2,2,0,0,Server Deficit
2,0,2,0,0,0,0,0,Server Deficit
19,0,19,0,1,2,0,0,Server Deficit
35,4,31,0,5,2,0,1,Moderate Deficit
5,3,2,0,1,2,0,0,Server Deficit
2,0,2,0,0,0,0,0,Server Deficit
54,10,44,0,17,1,0,2,Well Equipped
3,0,3,0,0,0,0,0,Server Deficit
10,4,6,0,1,4,0,0,Server Deficit
3,0,3,0,0,0,0,0,Server Deficit
37,10,27,0,1,8,0,1,Moderate Deficit
5,1,4,0,0,1,0,0,Server Deficit
10,6,4,0,0,1,0,0,Server Deficit
53,5,48,0,7,6,1,1,Moderate Deficit
1,0,1,0,0,0,0,0,Server Deficit
3,0,3,0,0,1,0,0,Server Deficit
4,1,3,0,0,0,0,0,Server Deficit
22,3,19,0,0,3,0,1,Moderate Deficit
6,3,3,0,1,1,0,0,Server Deficit
14,5,9,0,4,1,0,0,Server Deficit
18,0,18,0,0,2,0,0,Server Deficit
8,3,5,0,8,0,0,0,Server Deficit
8,0,8,0,0,2,0,0,Server Deficit
3,2,1,0,0,1,0,0,Server Deficit
2,0,2,0,1,0,0,0,Server Deficit
8,0,8,0,1,1,0,0,Server Deficit
65,10,55,0,6,6,1,1,Moderate Deficit
21,0,21,0,10,3,0,1,Moderate Deficit
6,0,6,0,1,1,0,0,Server Deficit
12,3,9,0,1,2,0,0,Server Deficit
2,0,2,0,0,0,0,0,Server Deficit
2,1,1,0,0,0,0,0,Server Deficit
82,26,56,0,28,12,2,2,Well Equipped
41,10,31,0,2,0,0,1,Moderate Deficit
4,1,3,0,0,0,0,0,Server Deficit
2,1,1,0,0,0,0,0,Server Deficit
26,6,20,0,4,4,1,1,Moderate Deficit
2,0,2,0,0,0,0,0,Server Deficit
10,2,8,0,1,3,0,0,Server Deficit
2,0,2,0,0,2,0,0,Server Deficit
9,1,8,0,2,0,0,0,Server Deficit
9,0,9,0,0,1,0,0,Server Deficit
16,0,16,0,9,0,0,0,Server Deficit
2,0,2,0,0,1,0,0,Server Deficit
3,1,2,0,1,1,0,0,Server Deficit
43,3,40,0,6,6,0,1,Moderate Deficit
2,1,1,0,0,0,0,0,Server Deficit
2,0,2,0,0,1,0,0,Server Deficit
27,6,21,0,2,4,0,1,Moderate Deficit
6,1,5,0,3,0,0,0,Server Deficit
2,0,2,0,0,0,0,0,Server Deficit
2,0,2,0,1,1,0,0,Server Deficit
15,3,12,0,1,5,0,1,Moderate Deficit
2,0,2,0,0,0,0,0,Server Deficit
8,0,8,0,2,2,0,0,Server Deficit
8,1,7,0,1,1,0,0,Server Deficit
2,0,2,0,0,0,0,0,Server Deficit
28,9,19,0,0,4,0,1,Moderate Deficit
11,0,11,0,0,1,0,0,Server Deficit
2,0,2,0,0,0,0,0,Server Deficit
19,9,10,0,0,4,0,1,Moderate Deficit
25,2,23,0,1,0,0,0,Server Deficit
11,1,10,0,0,2,1,0,Server Deficit
50,0,50,0,4,12,0,1,Moderate Deficit
31,5,26,0,0,1,0,1,Moderate Deficit
9,2,7,0,1,2,0,0,Server Deficit
2,0,2,0,0,0,0,0,Server Deficit
1,0,1,0,0,1,0,0,Server Deficit
1,0,1,0,0,1,0,0,Server Deficit
35,11,24,0,1,1,0,1,Moderate Deficit
2,0,2,0,0,0,0,0,Server Deficit
2,0,2,0,0,1,0,0,Server Deficit
2,2,0,0,0,1,0,0,Server Deficit
7,1,6,0,0,0,0,0,Server Deficit
31,7,24,0,3,6,0,1,Moderate Deficit
2,0,2,0,0,0,0,0,Server Deficit
40,6,34,0,10,0,0,1,Moderate Deficit
1,0,1,0,0,0,0,0,Server Deficit
59,6,53,0,12,4,0,1,Moderate Deficit
10,0,10,0,0,2,0,0,Server Deficit
5,1,4,0,1,3,0,0,Server Deficit
2,1,1,0,0,0,0,0,Server Deficit
2,0,2,0,0,0,0,0,Server Deficit
2,0,2,0,0,1,0,0,Server Deficit
3,0,3,0,0,0,0,0,Server Deficit
2,1,1,0,0,0,0,0,Server Deficit
2,0,2,0,0,0,0,0,Server Deficit
5,0,5,0,0,0,0,0,Server Deficit
9,0,9,0,4,1,0,0,Server Deficit
5,1,4,0,0,3,0,0,Server Deficit
2,1,1,0,0,0,0,0,Server Deficit
7,1,6,0,1,1,0,0,Server Deficit
2,0,2,0,0,0,0,0,Server Deficit
24,6,18,0,0,4,1,1,Moderate Deficit
2,0,2,0,0,0,0,0,Server Deficit
2,0,2,0,0,0,0,0,Server Deficit
2,1,1,0,2,0,0,0,Server Deficit
9,5,4,0,1,1,0,0,Server Deficit
2,0,2,0,0,0,0,0,Server Deficit
31,8,23,0,9,5,0,1,Moderate Deficit
8,2,6,0,1,1,0,0,Server Deficit
4,3,1,0,0,3,0,0,Server Deficit
18,0,18,0,0,1,0,0,Server Deficit
20,4,16,0,4,0,0,0,Server Deficit
2,0,2,0,0,0,0,0,Server Deficit
1,1,0,0,0,0,0,0,Server Deficit
38,3,35,0,16,2,0,1,Moderate Deficit
1,0,1,0,0,1,0,0,Server Deficit
23,2,21,0,6,0,0,0,Server Deficit
6,0,6,0,3,1,0,0,Server Deficit
26,0,26,0,5,0,0,0,Server Deficit
45,12,33,0,2,3,0,1,Moderate Deficit
19,2,17,0,3,6,0,1,Moderate Deficit
7,0,7,0,1,2,0,0,Server Deficit
59,12,47,0,3,11,0,1,Moderate Deficit
1,0,1,0,0,0,0,0,Server Deficit
56,0,56,0,4,4,0,1,Moderate Deficit
4,3,1,0,3,0,0,0,Server Deficit
34,12,22,0,10,4,0,1,Moderate Deficit
6,0,6,0,0,1,0,0,Server Deficit
57,5,52,0,37,0,0,2,Well Equipped
30,9,21,0,0,3,0,1,Moderate Deficit
28,8,20,0,0,6,0,1,Moderate Deficit
4,1,3,0,1,1,0,0,Server Deficit
10,0,10,0,8,1,0,0,Server Deficit
36,4,32,0,4,2,0,1,Moderate Deficit
7,0,7,0,0,2,0,0,Server Deficit
11,3,8,0,4,0,0,0,Server Deficit
6,0,6,0,0,2,0,0,Server Deficit
9,1,8,0,0,1,0,0,Server Deficit
2,0,2,0,0,0,0,0,Server Deficit
5,0,5,0,0,1,0,0,Server Deficit
34,4,30,0,0,6,0,1,Moderate Deficit
50,34,16,0,3,1,0,1,Moderate Deficit
18,4,14,0,0,4,0,1,Moderate Deficit
12,1,11,0,1,1,0,0,Server Deficit
10,2,8,0,1,0,0,0,Server Deficit
34,6,28,0,6,17,0,1,Moderate Deficit
7,1,6,0,0,1,0,0,Server Deficit
10,0,10,0,4,0,0,0,Server Deficit
15,0,15,0,8,0,0,0,Server Deficit
2,0,2,0,0,0,0,0,Server Deficit
2,0,2,0,0,0,0,0,Server Deficit
1,0,1,0,0,0,0,0,Server Deficit
6,0,6,0,0,0,0,0,Server Deficit
2,0,2,0,0,0,0,0,Server Deficit
5,0,5,0,2,1,0,0,Server Deficit
2,1,1,0,0,0,0,0,Server Deficit
6,0,6,0,1,0,0,0,Server Deficit
33,1,32,0,5,4,0,1,Moderate Deficit
4,0,4,0,0,0,0,0,Server Deficit
56,2,54,0,6,4,0,1,Moderate Deficit
2,0,2,0,0,0,0,0,Server Deficit
4,0,4,0,0,0,0,0,Server Deficit
11,1,10,0,2,0,0,0,Server Deficit
2,1,1,0,0,0,0,0,Server Deficit
32,4,28,0,3,4,0,1,Moderate Deficit
8,0,8,0,0,0,0,0,Server Deficit
2,1,1,0,0,0,0,0,Server Deficit
5,1,4,0,0,0,0,0,Server Deficit
5,2,3,0,1,1,0,0,Server Deficit
39,9,30,0,3,7,0,1,Moderate Deficit
6,0,6,0,2,1,0,0,Server Deficit
55,11,44,0,10,2,0,1,Moderate Deficit
7,1,6,0,1,3,0,0,Server Deficit
8,2,6,0,0,3,0,0,Server Deficit
45,4,41,0,5,6,0,1,Moderate Deficit
58,23,35,0,3,8,0,1,Moderate Deficit
122,19,103,0,34,2,0,2,Well Equipped
5,1,4,0,0,1,0,0,Server Deficit
3,1,2,0,0,0,0,0,Server Deficit
5,1,4,0,0,2,1,0,Server Deficit
2,1,1,0,0,0,0,0,Server Deficit
46,7,39,0,7,5,0,1,Moderate Deficit
6,1,5,0,0,1,0,0,Server Deficit
49,18,31,0,4,2,0,1,Moderate Deficit
32,10,22,0,1,5,0,1,Moderate Deficit
2,0,2,0,0,0,0,0,Server Deficit
33,0,33,0,12,0,0,1,Moderate Deficit
2,2,0,0,0,0,0,0,Server Deficit
12,3,9,0,0,3,0,0,Server Deficit
11,2,9,0,2,0,0,0,Server Deficit
7,3,4,0,0,2,0,0,Server Deficit
1,0,1,0,0,1,0,0,Server Deficit
10,3,7,0,2,2,0,0,Server Deficit
18,3,15,0,2,5,0,1,Moderate Deficit
3,0,3,0,3,0,0,0,Server Deficit
5,2,3,0,0,0,1,0,Server Deficit
27,4,23,0,2,1,0,1,Moderate Deficit
5,0,5,0,4,0,0,0,Server Deficit
3,0,3,0,0,0,0,0,Server Deficit
17,5,12,0,9,3,0,1,Moderate Deficit
7,0,7,0,0,1,0,0,Server Deficit
2,1,1,0,0,0,0,0,Server Deficit
2,0,2,0,0,0,0,0,Server Deficit
2,1,1,0,0,0,0,0,Server Deficit
4,0,4,0,1,0,0,0,Server Deficit
10,1,9,0,0,2,0,0,Server Deficit
8,0,8,0,0,1,0,0,Server Deficit
29,3,26,0,4,0,0,0,Server Deficit
2,0,2,0,0,0,0,0,Server Deficit
44,27,17,0,2,8,0,1,Moderate Deficit
2,1,1,0,0,0,0,0,Server Deficit
1,0,1,0,0,0,0,0,Server Deficit
29,2,27,0,4,2,0,1,Moderate Deficit
2,2,0,0,0,0,0,0,Server Deficit
118,9,109,0,32,4,0,2,Well Equipped
11,0,11,0,1,1,0,0,Server Deficit
2,1,1,0,0,1,0,0,Server Deficit
46,6,40,0,3,4,0,1,Moderate Deficit
111,14,97,0,47,6,0,2,Well Equipped
5,2,3,0,0,1,0,0,Server Deficit
2,0,2,0,0,0,0,0,Server Deficit
63,20,43,0,48,1,0,2,Well Equipped
7,3,4,0,1,1,0,0,Server Deficit
106,17,89,0,25,3,0,2,Well Equipped
47,4,43,0,34,1,0,2,Well Equipped
6,0,6,0,0,0,0,0,Server Deficit
2,1,1,0,0,0,0,0,Server Deficit
8,0,8,0,1,1,0,0,Server Deficit
9,1,8,0,0,1,0,0,Server Deficit
8,1,7,0,1,3,0,0,Server Deficit
62,19,43,0,18,7,0,2,Well Equipped
2,0,2,0,0,0,0,0,Server Deficit
47,9,38,0,11,2,0,1,Moderate Deficit
13,0,13,0,1,2,0,0,Server Deficit
2,1,1,0,0,1,0,0,Server Deficit
75,19,56,0,29,3,0,2,Well Equipped
1,0,1,0,0,1,0,0,Server Deficit
54,8,46,0,3,1,0,1,Moderate Deficit
7,3,4,0,0,3,0,0,Server Deficit
2,0,2,0,0,1,0,0,Server Deficit
36,5,31,0,24,4,0,1,Moderate Deficit
9,0,9,0,2,0,0,0,Server Deficit
7,1,6,0,0,0,0,0,Server Deficit
6,1,5,0,0,1,0,0,Server Deficit
2,0,2,0,0,0,0,0,Server Deficit
46,3,43,0,5,3,1,1,Moderate Deficit
7,1,6,0,0,2,0,0,Server Deficit
20,3,17,0,15,0,0,0,Server Deficit
27,3,24,0,5,4,0,1,Moderate Deficit
2,0,2,0,0,0,0,0,Server Deficit
8,0,8,0,1,1,0,0,Server Deficit
19,0,19,0,0,3,1,1,Moderate Deficit
62,10,52,0,7,7,0,1,Moderate Deficit
3,0,3,0,3,0,0,0,Server Deficit
37,7,30,0,0,4,0,1,Moderate Deficit
3,0,3,0,1,0,0,0,Server Deficit
16,4,12,0,3,3,0,1,Moderate Deficit
2,1,1,0,0,0,0,0,Server Deficit
13,3,10,0,1,1,0,0,Server Deficit
2,1,1,0,1,0,0,0,Server Deficit
1,0,1,0,0,1,0,0,Server Deficit
30,7,23,0,23,2,0,1,Moderate Deficit
3,0,3,0,0,1,0,0,Server Deficit
54,0,54,0,3,2,0,1,Moderate Deficit
2,1,1,0,0,0,0,0,Server Deficit
10,1,9,0,9,0,0,0,Server Deficit
25,5,20,0,6,1,0,1,Moderate Deficit
56,16,40,0,4,3,1,1,Moderate Deficit
2,0,2,0,0,0,0,0,Server Deficit
8,1,7,0,1,1,0,0,Server Deficit
2,1,1,0,0,2,0,0,Server Deficit
2,1,1,0,0,2,0,0,Server Deficit
2,0,2,0,0,0,0,0,Server Deficit
7,2,5,0,1,2,0,0,Server Deficit
7,1,6,0,0,0,0,0,Server Deficit
2,0,2,0,0,0,0,0,Server Deficit
9,1,8,0,0,2,0,0,Server Deficit
7,0,7,0,0,2,0,0,Server Deficit
11,1,10,0,1,1,0,0,Server Deficit
5,0,5,0,2,0,0,0,Server Deficit
7,1,6,0,0,1,0,0,Server Deficit
17,2,15,0,8,0,1,0,Server Deficit
2,0,2,0,0,1,0,0,Server Deficit
2,1,1,0,0,1,0,0,Server Deficit
26,12,14,0,6,0,0,1,Moderate Deficit
10,1,9,0,0,1,0,0,Server Deficit
2,1,1,0,0,0,0,0,Server Deficit
2,1,1,0,0,1,0,0,Server Deficit
4,0,4,0,0,0,0,0,Server Deficit
11,1,10,0,1,2,0,0,Server Deficit
49,20,29,0,3,14,0,1,Moderate Deficit
11,3,8,0,0,1,1,0,Server Deficit
5,1,4,0,0,1,0,0,Server Deficit
2,1,1,0,0,0,0,0,Server Deficit
1,0,1,0,0,1,0,0,Server Deficit
3,0,3,0,0,0,0,0,Server Deficit
10,0,10,0,4,0,0,0,Server Deficit
15,5,10,0,3,1,0,0,Server Deficit
25,8,17,0,0,4,0,1,Moderate Deficit
83,10,73,0,24,8,0,2,Well Equipped
1,0,1,0,0,0,0,0,Server Deficit
38,9,29,0,2,5,1,1,Moderate Deficit
35,1,34,0,8,2,0,1,Moderate Deficit
13,3,10,0,0,4,0,0,Server Deficit
1,0,1,0,0,0,0,0,Server Deficit
70,0,70,0,27,3,0,2,Well Equipped
7,3,4,0,0,1,0,0,Server Deficit
2,1,1,0,0,1,0,0,Server Deficit
2,0,2,0,0,2,0,0,Server Deficit
6,0,6,0,1,2,0,0,Server Deficit
2,0,2,0,1,0,0,0,Server Deficit
5,1,4,0,0,2,0,0,Server Deficit
2,0,2,0,0,1,0,0,Server Deficit
2,2,0,0,0,2,0,0,Server Deficit
2,1,1,0,0,0,0,0,Server Deficit
2,0,2,0,0,0,0,0,Server Deficit
8,2,6,0,0,3,0,0,Server Deficit
2,0,2,0,0,0,0,0,Server Deficit
3,1,2,0,0,0,0,0,Server Deficit
2,0,2,0,0,0,0,0,Server Deficit
32,5,27,0,9,2,0,1,Moderate Deficit
2,0,2,0,0,1,0,0,Server Deficit
5,0,5,0,0,4,0,0,Server Deficit
26,8,18,0,0,4,0,1,Moderate Deficit
8,2,6,0,1,0,0,0,Server Deficit
2,0,2,0,0,0,0,0,Server Deficit
2,0,2,0,0,1,0,0,Server Deficit
2,1,1,0,0,1,0,0,Server Deficit
6,1,5,0,0,0,0,0,Server Deficit
8,0,8,0,0,1,0,0,Server Deficit
2,1,1,0,0,0,0,0,Server Deficit
11,0,11,0,1,2,0,0,Server Deficit
21,0,21,0,1,5,0,1,Moderate Deficit
37,2,35,0,10,5,0,1,Moderate Deficit
10,4,6,0,0,1,0,0,Server Deficit
25,8,17,0,7,3,3,1,Moderate Deficit
3,2,1,0,0,0,0,0,Server Deficit
24,6,18,0,1,7,0,1,Moderate Deficit
8,1,7,0,0,1,0,0,Server Deficit
2,0,2,0,0,0,0,0,Server Deficit
39,8,31,0,1,1,0,1,Moderate Deficit
9,0,9,0,2,1,0,0,Server Deficit
5,1,4,0,0,2,0,0,Server Deficit
28,11,17,0,2,5,0,1,Moderate Deficit
38,6,32,0,13,0,0,1,Moderate Deficit
21,4,17,0,1,0,0,0,Server Deficit
36,12,24,0,14,1,0,1,Moderate Deficit
1,1,0,0,0,0,1,0,Server Deficit
16,0,16,0,0,4,0,0,Server Deficit
3,0,3,0,1,0,0,0,Server Deficit
2,0,2,0,0,0,0,0,Server Deficit
2,0,2,0,0,0,0,0,Server Deficit
5,1,4,0,0,0,0,0,Server Deficit
16,0,16,0,3,0,0,0,Server Deficit
8,2,6,0,0,1,0,0,Server Deficit
27,8,19,0,0,2,0,1,Moderate Deficit
2,0,2,0,0,0,0,0,Server Deficit
2,2,0,0,0,1,0,0,Server Deficit
37,4,33,0,4,6,0,1,Moderate Deficit
6,0,6,0,1,0,0,0,Server Deficit
6,0,6,0,0,0,0,0,Server Deficit
7,1,6,0,0,2,0,0,Server Deficit
7,0,7,0,0,2,1,0,Server Deficit
2,1,1,0,0,0,0,0,Server Deficit
2,0,2,0,0,0,0,0,Server Deficit
18,1,17,0,3,1,0,0,Server Deficit
3,0,3,0,0,2,0,0,Server Deficit
8,0,8,0,0,0,0,0,Server Deficit
7,0,7,0,0,3,0,0,Server Deficit
2,0,2,0,0,0,0,0,Server Deficit
31,9,22,0,5,3,0,1,Moderate Deficit
0,0,0,0,0,0,0,0,Server Deficit
16,4,12,0,3,1,0,0,Server Deficit
14,2,12,0,0,1,0,0,Server Deficit
68,8,60,0,16,2,0,2,Well Equipped
2,1,1,0,0,1,0,0,Server Deficit
1,0,1,0,0,0,0,0,Server Deficit
3,0,3,0,0,0,0,0,Server Deficit
5,0,5,0,0,1,0,0,Server Deficit
61,9,52,0,15,3,0,2,Well Equipped
7,0,7,0,0,1,0,0,Server Deficit
2,1,1,0,0,2,0,0,Server Deficit
61,4,57,0,13,3,0,1,Moderate Deficit
4,1,3,0,0,2,0,0,Server Deficit
2,0,2,0,0,0,0,0,Server Deficit
2,0,2,0,0,2,0,0,Server Deficit
26,4,22,0,4,0,0,0,Server Deficit
7,0,7,0,0,2,0,0,Server Deficit
5,0,5,0,0,2,0,0,Server Deficit
2,2,0,0,0,1,0,0,Server Deficit
50,8,42,0,10,2,0,1,Moderate Deficit
30,6,24,0,1,2,0,1,Moderate Deficit
6,1,5,0,0,3,0,0,Server Deficit
72,5,67,0,10,3,0,2,Well Equipped
39,3,36,0,7,3,0,1,Moderate Deficit
2,0,2,0,0,0,0,0,Server Deficit
39,12,27,0,2,4,1,1,Moderate Deficit
11,1,10,0,1,2,0,0,Server Deficit
0,0,0,0,0,0,0,0,Server Deficit
56,8,48,0,11,4,0,1,Moderate Deficit
7,0,7,0,1,0,0,0,Server Deficit
2,1,1,0,1,0,0,0,Server Deficit
2,1,1,0,0,0,0,0,Server Deficit
3,0,3,0,2,0,0,0,Server Deficit
18,2,16,0,8,0,0,0,Server Deficit
25,5,20,0,3,1,0,1,Moderate Deficit
2,1,1,0,0,0,0,0,Server Deficit
92,6,86,0,18,4,0,2,Well Equipped
6,1,5,0,1,0,0,0,Server Deficit
18,6,12,0,1,2,0,1,Moderate Deficit
2,0,2,0,0,1,0,0,Server Deficit
2,1,1,0,0,0,0,0,Server Deficit
2,0,2,0,1,0,0,0,Server Deficit
1,0,1,0,0,1,0,0,Server Deficit
1,0,1,0,0,0,0,0,Server Deficit
2,0,2,0,0,1,0,0,Server Deficit
48,4,44,0,14,2,0,1,Moderate Deficit
1,0,1,0,1,0,0,0,Server Deficit
11,0,11,0,7,0,0,0,Server Deficit
18,1,17,0,3,0,0,0,Server Deficit
18,6,12,0,1,4,1,1,Moderate Deficit
24,8,16,0,5,8,0,1,Moderate Deficit
2,0,2,0,0,2,0,0,Server Deficit
34,4,30,0,3,4,0,1,Moderate Deficit
7,1,6,0,0,1,0,0,Server Deficit
44,10,34,0,6,2,0,1,Moderate Deficit
2,0,2,0,0,1,0,0,Server Deficit
1,0,1,0,0,0,0,0,Server Deficit
3,0,3,0,0,0,0,0,Server Deficit
22,2,20,0,9,0,0,0,Server Deficit
22,1,21,0,9,0,0,0,Server Deficit
2,0,2,0,0,0,0,0,Server Deficit
11,0,11,0,0,0,0,0,Server Deficit
3,0,3,0,0,0,0,0,Server Deficit
2,0,2,0,0,1,0,0,Server Deficit
2,0,2,0,0,0,0,0,Server Deficit
5,1,4,0,0,1,0,0,Server Deficit
13,4,9,0,2,0,0,0,Server Deficit
25,4,21,0,0,2,0,1,Moderate Deficit
2,0,2,0,0,0,0,0,Server Deficit
7,1,6,0,1,1,0,0,Server Deficit
18,2,16,0,8,1,0,0,Server Deficit
2,0,2,0,0,0,0,0,Server Deficit
2,0,2,0,0,0,0,0,Server Deficit
12,0,12,0,2,1,0,0,Server Deficit
2,0,2,0,2,0,0,0,Server Deficit
7,0,7,0,2,0,0,0,Server Deficit
12,3,9,0,1,3,0,0,Server Deficit
3,0,3,0,0,0,0,0,Server Deficit
5,0,5,0,5,0,0,0,Server Deficit
7,1,6,0,1,0,0,0,Server Deficit
1,0,1,0,0,0,0,0,Server Deficit
2,1,1,0,0,0,0,0,Server Deficit
11,3,8,0,1,4,0,0,Server Deficit
1,1,0,0,0,0,0,0,Server Deficit
10,1,9,0,1,3,0,0,Server Deficit
9,0,9,0,0,1,0,0,Server Deficit
10,0,10,0,0,2,0,0,Server Deficit
2,1,1,0,0,0,0,0,Server Deficit
2,0,2,0,0,1,0,0,Server Deficit
12,0,12,0,0,1,0,0,Server Deficit
11,0,11,0,6,1,0,0,Server Deficit
27,9,18,0,0,4,0,1,Moderate Deficit
2,0,2,0,0,1,0,0,Server Deficit
5,0,5,0,0,2,0,0,Server Deficit
8,0,8,0,1,1,0,0,Server Deficit
2,0,2,0,0,0,0,0,Server Deficit
2,1,1,0,0,0,0,0,Server Deficit
7,1,6,0,0,1,0,0,Server Deficit
2,0,2,0,0,0,0,0,Server Deficit
2,0,2,0,0,0,0,0,Server Deficit
10,0,10,0,5,0,0,0,Server Deficit
2,1,1,0,0,1,0,0,Server Deficit
2,1,1,0,0,0,0,0,Server Deficit
2,1,1,0,0,0,0,0,Server Deficit
21,3,18,0,10,1,0,0,Server Deficit
6,0,6,0,0,3,0,0,Server Deficit
11,1,10,0,1,1,0,0,Server Deficit
3,0,3,0,0,3,0,0,Server Deficit
9,0,9,0,0,7,0,1,Moderate Deficit
2,0,2,0,0,0,0,0,Server Deficit
3,0,3,0,0,1,0,0,Server Deficit
2,0,2,0,0,1,0,0,Server Deficit
23,5,18,0,0,6,0,1,Moderate Deficit
4,0,4,0,0,0,0,0,Server Deficit
3,0,3,0,1,0,0,0,Server Deficit
2,1,1,0,0,0,0,0,Server Deficit
2,0,2,0,0,0,0,0,Server Deficit
21,13,8,0,1,4,0,1,Moderate Deficit
52,2,50,0,4,8,0,1,Moderate Deficit
4,1,3,0,2,1,0,0,Server Deficit
2,0,2,0,0,1,0,0,Server Deficit
3,0,3,0,0,0,0,0,Server Deficit
4,0,4,0,1,0,0,0,Server Deficit
26,9,17,0,0,6,0,1,Moderate Deficit
40,11,29,0,17,1,0,1,Moderate Deficit
10,1,9,0,1,2,0,0,Server Deficit
3,0,3,0,1,0,0,0,Server Deficit
16,2,14,0,1,1,0,0,Server Deficit
29,2,27,0,11,4,0,1,Moderate Deficit
5,1,4,0,1,0,0,0,Server Deficit
2,0,2,0,0,1,0,0,Server Deficit
3,1,2,0,1,0,0,0,Server Deficit
24,2,22,0,2,0,0,0,Server Deficit
2,0,2,0,0,1,0,0,Server Deficit
20,7,13,0,1,4,0,1,Moderate Deficit
2,2,0,0,0,1,0,0,Server Deficit
21,1,20,0,5,0,0,0,Server Deficit
2,1,1,0,0,0,0,0,Server Deficit
2,0,2,0,0,1,0,0,Server Deficit
6,1,5,0,0,0,0,0,Server Deficit
60,8,52,0,10,4,0,1,Moderate Deficit
8,2,6,0,0,0,0,0,Server Deficit
54,3,51,0,5,3,0,1,Moderate Deficit
2,0,2,0,0,0,0,0,Server Deficit
7,2,5,0,1,1,0,0,Server Deficit
2,1,1,0,0,0,0,0,Server Deficit
16,3,13,0,0,1,0,0,Server Deficit
8,0,8,0,1,1,0,0,Server Deficit
8,0,8,0,2,0,0,0,Server Deficit
31,5,26,0,0,7,0,1,Moderate Deficit
1,0,1,0,1,0,0,0,Server Deficit
20,4,16,0,2,3,0,1,Moderate Deficit
14,4,10,0,2,5,0,1,Moderate Deficit
3,0,3,0,0,2,0,0,Server Deficit
35,5,30,0,9,1,0,1,Moderate Deficit
28,3,25,0,13,5,0,1,Moderate Deficit
7,0,7,0,1,2,0,0,Server Deficit
2,0,2,0,0,0,0,0,Server Deficit
2,0,2,0,0,0,0,0,Server Deficit
14,8,6,0,0,10,0,1,Moderate Deficit
15,1,14,0,0,3,0,0,Server Deficit
17,1,16,0,4,1,0,0,Server Deficit
71,9,62,0,34,0,0,2,Well Equipped
14,1,13,0,1,0,0,0,Server Deficit
3,1,2,0,0,1,0,0,Server Deficit
2,0,2,0,0,0,0,0,Server Deficit
7,1,6,0,0,1,0,0,Server Deficit
1,0,1,0,0,0,0,0,Server Deficit
25,9,16,0,2,5,0,1,Moderate Deficit
31,2,29,0,8,3,0,1,Moderate Deficit
32,7,25,0,7,2,0,1,Moderate Deficit
6,0,6,0,0,2,0,0,Server Deficit
2,0,2,0,0,1,0,0,Server Deficit
5,0,5,0,3,0,0,0,Server Deficit
9,3,6,0,1,1,0,0,Server Deficit
9,0,9,0,0,3,0,0,Server Deficit
2,0,2,0,0,0,0,0,Server Deficit
11,4,7,0,0,1,0,0,Server Deficit
7,1,6,0,0,0,0,0,Server Deficit
26,2,24,0,5,2,0,1,Moderate Deficit
4,0,4,0,0,0,0,0,Server Deficit
8,0,8,0,1,1,0,0,Server Deficit
5,1,4,0,0,5,0,0,Server Deficit
2,0,2,0,0,0,0,0,Server Deficit
16,6,10,0,1,4,0,1,Moderate Deficit
3,0,3,0,2,0,0,0,Server Deficit
8,0,8,0,0,0,0,0,Server Deficit
5,1,4,0,1,0,0,0,Server Deficit
2,1,1,0,0,0,0,0,Server Deficit
4,0,4,0,0,1,0,0,Server Deficit
4,1,3,0,0,1,0,0,Server Deficit
2,2,0,0,0,0,1,0,Server Deficit
2,0,2,0,0,0,0,0,Server Deficit
33,7,26,0,8,2,0,1,Moderate Deficit
7,0,7,0,1,2,0,0,Server Deficit
5,0,5,0,5,0,0,0,Server Deficit
7,0,7,0,2,0,0,0,Server Deficit
2,0,2,0,0,0,0,0,Server Deficit
7,4,3,0,0,4,0,0,Server Deficit
7,2,5,0,0,0,0,0,Server Deficit
17,1,16,0,3,1,0,0,Server Deficit
0,0,0,0,0,0,0,0,Server Deficit
20,0,20,0,2,5,0,1,Moderate Deficit
5,0,5,0,3,0,0,0,Server Deficit
8,1,7,0,1,0,0,0,Server Deficit
6,0,6,0,0,2,0,0,Server Deficit
30,7,23,0,5,1,0,1,Moderate Deficit
18,10,8,0,2,1,0,1,Moderate Deficit
20,7,13,0,2,4,0,1,Moderate Deficit
16,1,15,0,1,1,0,0,Server Deficit
8,0,8,0,0,4,0,0,Server Deficit
10,0,10,0,0,2,0,0,Server Deficit
22,2,20,0,4,0,0,0,Server Deficit
25,0,25,0,5,4,0,1,Moderate Deficit
2,0,2,0,1,1,0,0,Server Deficit
37,4,33,0,2,2,0,1,Moderate Deficit
1,1,0,0,0,1,0,0,Server Deficit
38,12,26,0,2,10,0,1,Moderate Deficit
10,3,7,0,0,5,0,0,Server Deficit
78,9,69,0,7,6,0,2,Well Equipped
2,0,2,0,0,0,0,0,Server Deficit
72,7,65,0,6,4,0,1,Moderate Deficit
2,0,2,0,1,0,0,0,Server Deficit
9,3,6,0,0,0,0,0,Server Deficit
6,3,3,0,0,0,0,0,Server Deficit
10,0,10,0,1,1,0,0,Server Deficit
16,0,16,0,2,0,0,0,Server Deficit
10,0,10,0,2,2,0,0,Server Deficit
6,1,5,0,6,0,0,0,Server Deficit
1,1,0,0,0,0,0,0,Server Deficit
4,0,4,0,1,0,0,0,Server Deficit
5,1,4,0,0,1,0,0,Server Deficit
2,0,2,0,0,0,0,0,Server Deficit
1,0,1,0,0,0,0,0,Server Deficit
16,0,16,0,0,0,0,0,Server Deficit
5,0,5,0,0,3,0,0,Server Deficit
53,9,44,0,10,7,0,1,Moderate Deficit
12,0,12,0,1,0,0,0,Server Deficit
2,1,1,0,0,0,0,0,Server Deficit
2,0,2,0,0,2,0,0,Server Deficit
5,1,4,0,1,1,0,0,Server Deficit
36,0,36,0,23,4,0,1,Moderate Deficit
2,1,1,0,0,1,0,0,Server Deficit
13,1,12,0,1,2,0,0,Server Deficit
2,0,2,0,0,0,0,0,Server Deficit
4,1,3,0,0,1,0,0,Server Deficit
2,1,1,0,0,1,0,0,Server Deficit
2,1,1,0,0,1,1,0,Server Deficit
26,5,21,0,2,5,0,1,Moderate Deficit
3,1,2,0,1,0,0,0,Server Deficit
13,2,11,0,0,0,0,0,Server Deficit
14,0,14,0,1,3,0,0,Server Deficit
45,5,40,0,15,3,0,1,Moderate Deficit
4,2,2,0,0,4,0,0,Server Deficit
2,0,2,0,0,0,0,0,Server Deficit
20,1,19,0,3,4,0,1,Moderate Deficit
12,0,12,0,2,2,0,0,Server Deficit
76,11,65,0,47,4,1,2,Well Equipped
10,1,9,0,10,0,0,0,Server Deficit
23,7,16,0,3,4,0,1,Moderate Deficit
10,2,8,0,1,2,0,0,Server Deficit
52,11,41,0,11,7,0,1,Moderate Deficit
62,5,57,0,5,0,0,1,Moderate Deficit
2,0,2,0,0,0,0,0,Server Deficit
5,1,4,0,0,2,0,0,Server Deficit
33,0,33,0,4,3,0,1,Moderate Deficit
2,0,2,0,0,0,0,0,Server Deficit
94,4,90,0,27,6,0,2,Well Equipped
48,9,39,0,14,0,0,1,Moderate Deficit
10,0,10,0,1,1,0,0,Server Deficit
5,0,5,0,1,0,0,0,Server Deficit
7,3,4,0,1,3,0,0,Server Deficit
6,0,6,0,0,0,0,0,Server Deficit
4,0,4,0,0,0,0,0,Server Deficit
16,6,10,0,6,1,0,0,Server Deficit
61,4,57,0,13,1,0,1,Moderate Deficit
18,1,17,0,2,2,0,0,Server Deficit
4,0,4,0,0,0,0,0,Server Deficit
12,0,12,0,12,0,0,0,Server Deficit
2,1,1,0,0,1,0,0,Server Deficit
5,1,4,0,0,0,0,0,Server Deficit
1,0,1,0,0,1,0,0,Server Deficit
6,0,6,0,1,0,0,0,Server Deficit
14,0,14,0,3,0,0,0,Server Deficit
2,0,2,0,0,0,0,0,Server Deficit
2,0,2,0,1,0,0,0,Server Deficit
1,0,1,0,0,0,0,0,Server Deficit
6,0,6,0,0,1,0,0,Server Deficit
2,0,2,0,0,0,0,0,Server Deficit
1,0,1,0,0,0,0,0,Server Deficit
32,2,30,0,0,7,0,1,Moderate Deficit
2,1,1,0,0,0,0,0,Server Deficit
3,0,3,0,0,0,0,0,Server Deficit
2,1,1,0,1,0,0,0,Server Deficit
2,1,1,0,2,0,0,0,Server Deficit
19,2,17,0,3,6,0,1,Moderate Deficit
3,1,2,0,0,0,0,0,Server Deficit
2,0,2,0,0,0,0,0,Server Deficit
68,12,56,0,14,1,0,2,Well Equipped
3,1,2,0,1,0,0,0,Server Deficit
14,2,12,0,2,3,0,0,Server Deficit
14,2,12,0,1,0,0,0,Server Deficit
2,0,2,0,1,0,0,0,Server Deficit
21,9,12,0,3,5,0,1,Moderate Deficit
6,0,6,0,0,2,0,0,Server Deficit
8,1,7,0,1,0,0,0,Server Deficit
15,8,7,0,0,4,0,1,Moderate Deficit
8,0,8,0,2,0,0,0,Server Deficit
14,3,11,0,1,1,0,0,Server Deficit
2,1,1,0,0,1,0,0,Server Deficit
1,0,1,0,1,0,0,0,Server Deficit
2,0,2,0,1,0,0,0,Server Deficit
2,0,2,0,0,1,0,0,Server Deficit
5,1,4,0,0,0,0,0,Server Deficit
1,0,1,0,0,1,0,0,Server Deficit
12,3,9,0,0,0,0,0,Server Deficit
2,1,1,0,0,1,0,0,Server Deficit
2,1,1,0,0,0,0,0,Server Deficit
23,8,15,0,5,0,0,1,Moderate Deficit
17,4,13,0,2,6,0,1,Moderate Deficit
8,0,8,0,0,2,0,0,Server Deficit
1,0,1,0,0,1,0,0,Server Deficit
20,1,19,0,7,7,0,1,Moderate Deficit
7,3,4,0,1,2,0,0,Server Deficit
2,1,1,0,0,0,0,0,Server Deficit
1,1,0,0,0,1,0,0,Server Deficit
2,1,1,0,0,0,0,0,Server Deficit
2,0,2,0,0,0,0,0,Server Deficit
33,10,23,0,6,5,0,1,Moderate Deficit
18,5,13,0,1,5,0,1,Moderate Deficit
6,2,4,0,0,0,0,0,Server Deficit
5,1,4,0,0,1,0,0,Server Deficit
1,1,0,0,0,0,0,0,Server Deficit
5,0,5,0,1,2,0,0,Server Deficit
28,1,27,0,16,1,1,1,Moderate Deficit
2,0,2,0,0,0,0,0,Server Deficit
4,0,4,0,1,0,0,0,Server Deficit
2,1,1,0,0,1,0,0,Server Deficit
59,11,48,0,7,9,0,1,Moderate Deficit
11,0,11,0,0,2,0,0,Server Deficit
6,0,6,0,0,1,0,0,Server Deficit
3,0,3,0,0,0,0,0,Server Deficit
6,0,6,0,3,0,0,0,Server Deficit
24,4,20,0,2,4,0,1,Moderate Deficit
2,0,2,0,0,0,0,0,Server Deficit
32,5,27,0,1,1,0,1,Moderate Deficit
3,1,2,0,0,0,0,0,Server Deficit
19,2,17,0,9,1,0,0,Server Deficit
12,0,12,0,0,1,0,0,Server Deficit
24,6,18,0,4,2,0,1,Moderate Deficit
2,0,2,0,1,1,0,0,Server Deficit
23,7,16,0,1,2,0,1,Moderate Deficit
5,2,3,0,0,0,0,0,Server Deficit
25,6,19,0,2,5,0,1,Moderate Deficit
30,6,24,0,4,0,0,1,Moderate Deficit
1,1,0,0,0,1,0,0,Server Deficit
15,0,15,0,1,0,0,0,Server Deficit
0,0,0,0,0,0,0,0,Server Deficit
2,0,2,0,1,0,0,0,Server Deficit
8,2,6,0,1,0,0,0,Server Deficit
7,2,5,0,1,1,0,0,Server Deficit
3,1,2,0,1,0,0,0,Server Deficit
7,1,6,0,0,3,0,0,Server Deficit
32,3,29,0,0,1,0,1,Moderate Deficit
16,7,9,0,4,1,0,0,Server Deficit
25,14,11,0,2,3,0,1,Moderate Deficit
20,4,16,0,1,4,1,1,Moderate Deficit
2,1,1,0,0,1,0,0,Server Deficit
9,0,9,0,0,1,0,0,Server Deficit
24,0,24,0,3,3,0,1,Moderate Deficit
2,0,2,0,0,0,0,0,Server Deficit
2,0,2,0,0,1,0,0,Server Deficit
2,0,2,0,0,1,0,0,Server Deficit
5,3,2,0,2,0,0,0,Server Deficit
12,2,10,0,1,3,1,1,Moderate Deficit
18,2,16,0,2,2,0,0,Server Deficit
2,0,2,0,0,0,0,0,Server Deficit
1,0,1,0,0,0,0,0,Server Deficit
1,0,1,0,0,1,0,0,Server Deficit
124,5,119,0,50,4,0,2,Well Equipped
52,5,47,0,1,3,0,1,Moderate Deficit
2,0,2,0,0,0,0,0,Server Deficit
6,5,1,0,0,4,0,0,Server Deficit
2,1,1,0,1,0,0,0,Server Deficit
5,2,3,0,0,1,0,0,Server Deficit
2,0,2,0,0,1,0,0,Server Deficit
4,0,4,0,2,0,0,0,Server Deficit
98,12,86,0,10,4,0,2,Well Equipped
41,7,34,0,8,2,0,1,Moderate Deficit
3,1,2,0,0,0,0,0,Server Deficit
2,0,2,0,1,0,0,0,Server Deficit
43,2,41,0,4,8,0,1,Moderate Deficit
2,0,2,0,0,0,0,0,Server Deficit
2,1,1,0,0,1,0,0,Server Deficit
43,8,35,0,14,1,0,1,Moderate Deficit
4,1,3,0,0,1,0,0,Server Deficit
8,1,7,0,2,1,0,0,Server Deficit
3,2,1,0,0,2,0,0,Server Deficit
2,0,2,0,1,0,0,0,Server Deficit
7,2,5,0,0,4,0,0,Server Deficit
2,0,2,0,0,1,0,0,Server Deficit
2,0,2,0,0,0,0,0,Server Deficit
8,4,4,0,2,0,0,0,Server Deficit
2,1,1,0,2,0,0,0,Server Deficit
6,1,5,0,1,0,0,0,Server Deficit
8,0,8,0,0,3,0,0,Server Deficit
17,2,15,0,3,1,0,0,Server Deficit
1,0,1,0,0,0,0,0,Server Deficit
7,1,6,0,0,2,0,0,Server Deficit
3,2,1,0,0,1,0,0,Server Deficit
7,0,7,0,0,2,0,0,Server Deficit
10,0,10,0,1,1,0,0,Server Deficit
19,6,13,0,1,2,0,1,Moderate Deficit
27,4,23,0,3,1,0,1,Moderate Deficit
6,0,6,0,2,2,0,0,Server Deficit
24,3,21,0,2,3,0,1,Moderate Deficit
2,0,2,0,0,0,0,0,Server Deficit
7,2,5,0,1,2,0,0,Server Deficit
93,15,78,0,24,1,1,2,Well Equipped
6,0,6,0,2,1,0,0,Server Deficit
2,1,1,0,0,0,0,0,Server Deficit
1,0,1,0,0,1,0,0,Server Deficit
5,0,5,0,0,2,0,0,Server Deficit
18,4,14,0,0,1,0,0,Server Deficit
5,0,5,0,2,0,0,0,Server Deficit
2,0,2,0,0,0,0,0,Server Deficit
2,2,0,0,0,1,0,0,Server Deficit
5,1,4,0,1,0,0,0,Server Deficit
2,2,0,0,0,0,0,0,Server Deficit
16,3,13,0,0,4,0,1,Moderate Deficit
12,0,12,0,1,0,0,0,Server Deficit
2,0,2,0,0,1,0,0,Server Deficit
31,5,26,0,5,0,0,1,Moderate Deficit
2,0,2,0,0,0,0,0,Server Deficit
2,0,2,0,0,0,0,0,Server Deficit
6,0,6,0,2,0,0,0,Server Deficit
7,0,7,0,0,0,0,0,Server Deficit
20,1,19,0,1,0,0,0,Server Deficit
6,0,6,0,2,0,0,0,Server Deficit
91,5,86,0,21,5,1,2,Well Equipped
4,1,3,0,0,4,0,0,Server Deficit
2,0,2,0,1,0,0,0,Server Deficit
4,0,4,0,0,0,0,0,Server Deficit
0,0,0,0,0,0,0,0,Server Deficit
2,1,1,0,0,0,1,0,Server Deficit
27,3,24,0,7,0,0,0,Server Deficit
16,0,16,0,5,0,0,0,Server Deficit
2,2,0,0,0,1,0,0,Server Deficit
3,1,2,0,0,0,0,0,Server Deficit
2,0,2,0,0,0,0,0,Server Deficit
5,1,4,0,2,1,0,0,Server Deficit
19,5,14,0,5,0,0,0,Server Deficit
11,4,7,0,1,1,0,0,Server Deficit
8,0,8,0,2,0,0,0,Server Deficit
6,1,5,0,1,1,0,0,Server Deficit
6,1,5,0,0,1,0,0,Server Deficit
45,8,37,0,8,6,1,1,Moderate Deficit
24,2,22,0,2,0,0,0,Server Deficit
1,0,1,0,0,1,0,0,Server Deficit
12,0,12,0,1,2,0,0,Server Deficit
5,2,3,0,0,1,0,0,Server Deficit
3,0,3,0,1,0,0,0,Server Deficit
2,0,2,0,0,0,0,0,Server Deficit
3,0,3,0,0,1,0,0,Server Deficit
2,0,2,0,0,2,0,0,Server Deficit
2,1,1,0,0,0,0,0,Server Deficit
9,2,7,0,0,1,1,0,Server Deficit
61,10,51,0,10,2,0,1,Moderate Deficit
6,1,5,0,0,3,0,0,Server Deficit
36,8,28,0,1,5,0,1,Moderate Deficit
31,5,26,0,4,0,0,1,Moderate Deficit
7,1,6,0,4,0,0,0,Server Deficit
12,1,11,0,0,2,0,0,Server Deficit
18,3,15,0,10,0,0,0,Server Deficit
7,1,6,0,0,0,0,0,Server Deficit
2,0,2,0,1,0,0,0,Server Deficit
9,0,9,0,3,0,0,0,Server Deficit
14,0,14,0,1,1,0,0,Server Deficit
6,0,6,0,0,0,0,0,Server Deficit
2,0,2,0,0,0,0,0,Server Deficit
3,1,2,0,0,0,0,0,Server Deficit
2,0,2,0,0,0,0,0,Server Deficit
2,0,2,0,0,0,0,0,Server Deficit
7,2,5,0,1,2,0,0,Server Deficit
8,0,8,0,1,2,0,0,Server Deficit
30,9,21,0,3,2,0,1,Moderate Deficit
30,0,30,0,2,4,0,1,Moderate Deficit
32,0,32,0,7,4,0,1,Moderate Deficit
43,3,40,0,9,1,1,1,Moderate Deficit
23,0,23,0,3,5,0,1,Moderate Deficit
2,0,2,0,0,0,0,0,Server Deficit
6,1,5,0,1,0,0,0,Server Deficit
2,2,0,0,0,0,0,0,Server Deficit
17,5,12,0,3,1,0,0,Server Deficit
6,0,6,0,0,1,0,0,Server Deficit
8,2,6,0,1,3,0,0,Server Deficit
5,0,5,0,0,1,0,0,Server Deficit
8,4,4,0,0,2,0,0,Server Deficit
30,2,28,0,3,8,1,1,Moderate Deficit
2,0,2,0,0,0,0,0,Server Deficit
61,16,45,0,1,5,0,1,Moderate Deficit
6,2,4,0,0,2,0,0,Server Deficit
1,0,1,0,0,0,0,0,Server Deficit
2,0,2,0,0,0,1,0,Server Deficit
29,15,14,0,0,4,0,1,Moderate Deficit
2,0,2,0,0,0,0,0,Server Deficit
18,1,17,0,3,6,0,1,Moderate Deficit
10,0,10,0,0,3,0,0,Server Deficit
2,0,2,0,0,0,0,0,Server Deficit
32,19,13,0,3,20,0,1,Moderate Deficit
7,1,6,0,0,0,0,0,Server Deficit
2,0,2,0,0,0,0,0,Server Deficit
12,2,10,0,11,0,0,0,Server Deficit
2,1,1,0,0,0,0,0,Server Deficit
71,5,66,0,26,0,0,2,Well Equipped
8,0,8,0,0,1,0,0,Server Deficit
1,0,1,0,0,0,0,0,Server Deficit
2,0,2,0,0,1,0,0,Server Deficit
9,1,8,0,1,1,0,0,Server Deficit
2,0,2,0,1,0,0,0,Server Deficit
2,1,1,0,0,0,0,0,Server Deficit
8,1,7,0,1,1,0,0,Server Deficit
2,1,1,0,0,0,0,0,Server Deficit
7,3,4,0,0,1,0,0,Server Deficit
81,9,72,0,25,0,0,2,Well Equipped
2,2,0,0,0,1,0,0,Server Deficit
2,1,1,0,0,0,0,0,Server Deficit
7,1,6,0,0,0,0,0,Server Deficit
41,5,36,0,1,6,0,1,Moderate Deficit
6,0,6,0,0,1,0,0,Server Deficit
1,0,1,0,0,1,0,0,Server Deficit
5,4,1,0,0,5,0,0,Server Deficit
2,0,2,0,0,0,0,0,Server Deficit
36,18,18,0,0,8,0,1,Moderate Deficit
6,1,5,0,0,3,0,0,Server Deficit
6,0,6,0,1,1,0,0,Server Deficit
2,0,2,0,0,0,0,0,Server Deficit
2,2,0,0,0,1,0,0,Server Deficit
1,0,1,0,0,0,0,0,Server Deficit
12,1,11,0,1,3,0,0,Server Deficit
2,0,2,0,0,0,0,0,Server Deficit
2,1,1,0,0,1,0,0,Server Deficit
6,0,6,0,0,1,0,0,Server Deficit
18,2,16,0,8,0,0,0,Server Deficit
4,1,3,0,0,2,0,0,Server Deficit
2,0,2,0,1,0,0,0,Server Deficit
74,9,65,0,26,2,0,2,Well Equipped
30,6,24,0,5,1,0,1,Moderate Deficit
2,1,1,0,0,0,0,0,Server Deficit
35,0,35,0,0,4,0,1,Moderate Deficit
11,3,8,0,0,3,0,0,Server Deficit
40,4,36,0,12,1,0,1,Moderate Deficit
5,0,5,0,1,0,0,0,Server Deficit
5,0,5,0,0,1,0,0,Server Deficit
14,1,13,0,2,3,0,0,Server Deficit
11,0,11,0,6,0,0,0,Server Deficit
2,0,2,0,0,2,0,0,Server Deficit
16,6,10,0,0,2,0,0,Server Deficit
2,1,1,0,1,1,0,0,Server Deficit
2,0,2,0,0,2,0,0,Server Deficit
3,1,2,0,0,0,0,0,Server Deficit
2,1,1,0,0,0,0,0,Server Deficit
8,1,7,0,2,2,0,0,Server Deficit
34,3,31,0,8,5,0,1,Moderate Deficit
4,1,3,0,0,1,0,0,Server Deficit
74,5,69,0,24,1,0,2,Well Equipped
19,2,17,0,18,0,0,0,Server Deficit
52,9,43,0,5,4,1,1,Moderate Deficit
4,0,4,0,1,1,0,0,Server Deficit
2,0,2,0,0,1,0,0,Server Deficit
20,0,20,0,1,0,0,0,Server Deficit
0,0,0,0,0,0,0,0,Server Deficit
37,4,33,0,8,3,0,1,Moderate Deficit
1,0,1,0,0,0,0,0,Server Deficit
2,1,1,0,0,2,0,0,Server Deficit
10,0,10,0,0,0,0,0,Server Deficit
1,1,0,0,0,0,0,0,Server Deficit
3,1,2,0,0,0,0,0,Server Deficit
40,5,35,0,24,3,0,2,Well Equipped
6,1,5,0,2,1,0,0,Server Deficit
11,1,10,0,0,0,0,0,Server Deficit
7,1,6,0,1,1,0,0,Server Deficit
16,1,15,0,4,0,0,0,Server Deficit
2,0,2,0,0,0,0,0,Server Deficit
2,1,1,0,0,0,0,0,Server Deficit
2,1,1,0,0,1,0,0,Server Deficit
10,0,10,0,0,1,0,0,Server Deficit
2,1,1,0,0,1,0,0,Server Deficit
1,0,1,0,0,0,0,0,Server Deficit
2,1,1,0,0,1,0,0,Server Deficit
6,1,5,0,0,2,0,0,Server Deficit
2,0,2,0,0,2,0,0,Server Deficit
6,3,3,0,0,2,0,0,Server Deficit
2,1,1,0,0,1,0,0,Server Deficit
9,1,8,0,0,2,0,0,Server Deficit
9,0,9,0,1,3,0,0,Server Deficit
2,0,2,0,0,1,0,0,Server Deficit
22,8,14,0,3,5,0,1,Moderate Deficit
2,0,2,0,0,1,0,0,Server Deficit
2,0,2,0,0,0,0,0,Server Deficit
2,1,1,0,0,1,0,0,Server Deficit
5,0,5,0,1,0,0,0,Server Deficit
2,1,1,0,0,0,0,0,Server Deficit
1,0,1,0,0,0,0,0,Server Deficit
4,0,4,0,0,1,0,0,Server Deficit
2,0,2,0,0,0,0,0,Server Deficit
19,0,19,0,2,3,0,0,Server Deficit
14,0,14,0,1,0,0,0,Server Deficit
2,0,2,0,0,1,0,0,Server Deficit
2,0,2,0,0,0,0,0,Server Deficit
2,0,2,0,0,1,0,0,Server Deficit
6,0,6,0,0,0,0,0,Server Deficit
10,1,9,0,2,3,0,0,Server Deficit
7,2,5,0,1,0,0,0,Server Deficit
2,1,1,0,0,0,0,0,Server Deficit
44,7,37,0,0,1,0,1,Moderate Deficit
2,1,1,0,0,1,0,0,Server Deficit
21,7,14,0,2,0,0,0,Server Deficit
5,2,3,0,0,5,0,0,Server Deficit
8,2,6,0,1,1,1,0,Server Deficit
60,12,48,0,16,0,0,2,Well Equipped
6,3,3,0,0,0,0,0,Server Deficit
2,1,1,0,1,0,0,0,Server Deficit
2,0,2,0,0,0,0,0,Server Deficit
11,2,9,0,1,1,0,0,Server Deficit
22,4,18,0,0,5,0,1,Moderate Deficit
2,1,1,0,0,1,0,0,Server Deficit
2,1,1,0,0,2,0,0,Server Deficit
2,1,1,0,0,1,0,0,Server Deficit
2,0,2,0,0,1,0,0,Server Deficit
9,0,9,0,0,0,0,0,Server Deficit
36,8,28,0,3,4,0,1,Moderate Deficit
2,1,1,0,0,0,0,0,Server Deficit
60,10,50,0,4,1,0,1,Moderate Deficit
56,40,16,0,4,8,1,1,Moderate Deficit
32,3,29,0,5,1,0,1,Moderate Deficit
2,0,2,0,0,0,0,0,Server Deficit
2,0,2,0,0,0,0,0,Server Deficit
3,0,3,0,0,1,0,0,Server Deficit
31,4,27,0,6,4,0,1,Moderate Deficit
26,2,24,0,13,2,0,1,Moderate Deficit
2,0,2,0,0,0,0,0,Server Deficit
6,0,6,0,0,1,0,0,Server Deficit
12,0,12,0,0,1,0,0,Server Deficit
9,2,7,0,1,1,0,0,Server Deficit
90,11,79,0,12,6,0,2,Well Equipped
1,0,1,0,0,1,0,0,Server Deficit
94,1,93,0,9,20,1,2,Well Equipped
28,9,19,0,3,8,0,1,Moderate Deficit
29,4,25,0,11,1,0,1,Moderate Deficit
4,0,4,0,0,1,0,0,Server Deficit
24,5,19,0,9,1,0,1,Moderate Deficit
26,0,26,0,2,2,1,1,Moderate Deficit
2,1,1,0,0,0,0,0,Server Deficit
2,0,2,0,1,0,0,0,Server Deficit
2,0,2,0,0,0,0,0,Server Deficit
32,3,29,0,5,2,0,1,Moderate Deficit
2,0,2,0,0,0,0,0,Server Deficit
12,0,12,0,1,1,0,0,Server Deficit
29,7,22,0,0,6,0,1,Moderate Deficit
13,6,7,0,0,0,0,0,Server Deficit
17,11,6,0,2,5,0,1,Moderate Deficit
7,1,6,0,0,1,0,0,Server Deficit
2,0,2,0,0,0,0,0,Server Deficit
2,0,2,0,0,1,0,0,Server Deficit
2,0,2,0,0,0,0,0,Server Deficit
5,0,5,0,1,2,0,0,Server Deficit
18,3,15,0,10,0,0,0,Server Deficit
8,0,8,0,0,1,0,0,Server Deficit
5,0,5,0,0,0,0,0,Server Deficit
17,1,16,0,0,0,0,0,Server Deficit
2,1,1,0,0,0,0,0,Server Deficit
2,0,2,0,0,0,0,0,Server Deficit
7,2,5,0,0,4,0,0,Server Deficit
2,0,2,0,0,0,0,0,Server Deficit
4,0,4,0,2,1,0,0,Server Deficit
19,4,15,0,0,2,0,0,Server Deficit
6,1,5,0,1,0,0,0,Server Deficit
1,1,0,0,0,1,0,0,Server Deficit
42,9,33,0,13,1,0,1,Moderate Deficit
2,0,2,0,0,0,0,0,Server Deficit
2,0,2,0,0,0,0,0,Server Deficit
2,0,2,0,0,2,0,0,Server Deficit
1,0,1,0,0,0,0,0,Server Deficit
6,1,5,0,0,1,0,0,Server Deficit
2,0,2,0,1,1,0,0,Server Deficit
19,2,17,0,2,3,0,0,Server Deficit
7,0,7,0,1,0,0,0,Server Deficit
2,0,2,0,0,1,0,0,Server Deficit
25,2,23,0,0,3,0,1,Moderate Deficit
31,6,25,0,2,4,1,1,Moderate Deficit
2,0,2,0,0,0,0,0,Server Deficit
2,1,1,0,0,1,1,0,Server Deficit
2,0,2,0,0,0,0,0,Server Deficit
9,4,5,0,1,0,0,0,Server Deficit
44,6,38,0,10,4,0,1,Moderate Deficit
53,4,49,0,8,6,0,1,Moderate Deficit
2,0,2,0,0,0,0,0,Server Deficit
3,0,3,0,0,1,0,0,Server Deficit
8,1,7,0,1,1,0,0,Server Deficit
2,0,2,0,1,0,0,0,Server Deficit
0,0,0,0,0,0,0,0,Server Deficit
8,0,8,0,0,1,0,0,Server Deficit
11,1,10,0,0,1,0,0,Server Deficit
15,5,10,0,0,8,0,1,Moderate Deficit
24,1,23,0,3,3,1,1,Moderate Deficit
8,0,8,0,3,0,0,0,Server Deficit
4,1,3,0,1,2,0,0,Server Deficit
7,1,6,0,1,2,0,0,Server Deficit
83,14,69,0,31,2,0,2,Well Equipped
7,2,5,0,0,2,0,0,Server Deficit
36,6,30,0,17,2,0,1,Moderate Deficit
2,0,2,0,1,0,0,0,Server Deficit
6,0,6,0,0,1,0,0,Server Deficit
2,0,2,0,0,0,0,0,Server Deficit
2,0,2,0,1,0,0,0,Server Deficit
2,1,1,0,0,1,1,0,Server Deficit
50,8,42,0,9,7,0,1,Moderate Deficit
4,0,4,0,2,2,0,0,Server Deficit
1,1,0,0,0,0,0,0,Server Deficit
24,0,24,0,5,3,0,1,Moderate Deficit
13,0,13,0,2,1,0,0,Server Deficit
2,2,0,0,0,0,0,0,Server Deficit
2,0,2,0,0,0,0,0,Server Deficit
10,1,9,0,0,0,1,0,Server Deficit
2,0,2,0,0,0,0,0,Server Deficit
6,3,3,0,0,1,0,0,Server Deficit
4,0,4,0,0,0,0,0,Server Deficit
2,0,2,0,0,1,0,0,Server Deficit
7,0,7,0,0,0,0,0,Server Deficit
51,9,42,0,18,2,0,2,Well Equipped
18,0,18,0,2,2,0,0,Server Deficit
12,5,7,0,2,5,0,1,Moderate Deficit
19,4,15,0,0,6,0,1,Moderate Deficit
2,2,0,0,0,0,0,0,Server Deficit
2,0,2,0,0,0,0,0,Server Deficit
4,0,4,0,0,0,0,0,Server Deficit
7,0,7,0,0,1,0,0,Server Deficit
23,9,14,0,0,3,1,1,Moderate Deficit
24,5,19,0,1,2,0,1,Moderate Deficit
12,1,11,0,2,3,0,0,Server Deficit
5,0,5,0,0,1,0,0,Server Deficit
6,0,6,0,0,3,0,0,Server Deficit
1,0,1,0,1,0,0,0,Server Deficit
2,1,1,0,0,1,0,0,Server Deficit
1,1,0,0,0,0,0,0,Server Deficit
26,9,17,0,0,4,0,1,Moderate Deficit
42,5,37,0,3,6,0,1,Moderate Deficit
5,1,4,0,0,0,0,0,Server Deficit
15,0,15,0,1,6,0,1,Moderate Deficit
2,1,1,0,0,0,0,0,Server Deficit
2,0,2,0,0,1,0,0,Server Deficit
19,8,11,0,0,5,0,1,Moderate Deficit
8,2,6,0,0,1,0,0,Server Deficit
2,2,0,0,0,0,0,0,Server Deficit
16,1,15,0,3,0,0,0,Server Deficit
2,1,1,0,0,0,0,0,Server Deficit
4,3,1,0,0,4,0,0,Server Deficit
7,1,6,0,4,1,0,0,Server Deficit
2,0,2,0,0,1,0,0,Server Deficit
125,28,97,0,52,6,2,2,Well Equipped
4,0,4,0,0,0,0,0,Server Deficit
2,1,1,0,0,0,0,0,Server Deficit
63,4,59,0,21,0,0,2,Well Equipped
2,1,1,0,0,1,0,0,Server Deficit
15,3,12,0,2,3,0,0,Server Deficit
32,3,29,0,12,0,0,1,Moderate Deficit
2,0,2,0,0,0,0,0,Server Deficit
21,3,18,0,3,4,0,1,Moderate Deficit
4,0,4,0,1,0,0,0,Server Deficit
9,6,3,0,1,1,0,0,Server Deficit
2,1,1,0,0,0,1,0,Server Deficit
2,0,2,0,0,0,0,0,Server Deficit
4,0,4,0,3,0,0,0,Server Deficit
21,2,19,0,3,1,0,0,Server Deficit
7,3,4,0,0,0,0,0,Server Deficit
8,0,8,0,0,0,0,0,Server Deficit
5,0,5,0,0,1,0,0,Server Deficit
1,0,1,0,0,0,0,0,Server Deficit
2,0,2,0,0,0,0,0,Server Deficit
8,0,8,0,0,0,0,0,Server Deficit
9,0,9,0,0,1,0,0,Server Deficit
5,2,3,0,0,3,0,0,Server Deficit
2,0,2,0,0,2,0,0,Server Deficit
41,5,36,0,4,1,0,1,Moderate Deficit
2,0,2,0,0,1,0,0,Server Deficit
18,0,18,0,2,3,0,0,Server Deficit
48,1,47,0,3,4,0,1,Moderate Deficit
4,2,2,0,0,0,0,0,Server Deficit
2,1,1,0,0,1,0,0,Server Deficit
5,1,4,0,3,0,0,0,Server Deficit
4,0,4,0,0,0,0,0,Server Deficit
0,0,0,0,0,0,0,0,Server Deficit
16,4,12,0,0,3,0,0,Server Deficit
8,0,8,0,0,1,0,0,Server Deficit
2,1,1,0,0,0,0,0,Server Deficit
2,1,1,0,0,0,0,0,Server Deficit
4,0,4,0,0,3,0,0,Server Deficit
5,2,3,0,1,2,0,0,Server Deficit
2,1,1,0,0,1,0,0,Server Deficit
2,0,2,0,0,0,0,0,Server Deficit
2,2,0,0,0,1,0,0,Server Deficit
2,1,1,0,0,0,0,0,Server Deficit
5,1,4,0,0,0,0,0,Server Deficit
2,1,1,0,0,0,0,0,Server Deficit
9,1,8,0,0,1,0,0,Server Deficit
2,0,2,0,0,1,0,0,Server Deficit
5,2,3,0,4,0,0,0,Server Deficit
3,0,3,0,0,2,0,0,Server Deficit
2,1,1,0,0,0,0,0,Server Deficit
6,2,4,0,0,0,0,0,Server Deficit
6,1,5,0,0,1,0,0,Server Deficit
2,0,2,0,0,0,0,0,Server Deficit
5,0,5,0,1,0,0,0,Server Deficit
9,0,9,0,0,2,0,0,Server Deficit
3,0,3,0,1,1,0,0,Server Deficit
32,1,31,0,0,4,0,1,Moderate Deficit
2,1,1,0,0,2,0,0,Server Deficit
5,0,5,0,1,0,0,0,Server Deficit
8,0,8,0,2,0,0,0,Server Deficit
16,5,11,0,6,0,0,0,Server Deficit
40,6,34,0,3,3,0,1,Moderate Deficit
8,2,6,0,2,0,0,0,Server Deficit
17,3,14,0,2,1,0,0,Server Deficit
2,2,0,0,0,1,0,0,Server Deficit
5,1,4,0,1,1,0,0,Server Deficit
9,2,7,0,0,1,1,0,Server Deficit
6,0,6,0,3,0,0,0,Server Deficit
41,4,37,0,38,2,0,2,Well Equipped
8,0,8,0,0,1,0,0,Server Deficit
13,0,13,0,2,1,0,0,Server Deficit
2,0,2,0,0,1,0,0,Server Deficit
13,6,7,0,0,7,0,1,Moderate Deficit
2,1,1,0,0,0,0,0,Server Deficit
2,1,1,0,0,0,0,0,Server Deficit
2,0,2,0,0,0,0,0,Server Deficit
14,3,11,0,1,0,0,0,Server Deficit
13,0,13,0,0,0,0,0,Server Deficit
4,0,4,0,0,1,0,0,Server Deficit
4,0,4,0,0,1,0,0,Server Deficit
6,0,6,0,6,0,0,0,Server Deficit
2,0,2,0,0,1,0,0,Server Deficit
9,0,9,0,2,2,0,0,Server Deficit
2,0,2,0,0,1,0,0,Server Deficit
19,2,17,0,0,1,0,0,Server Deficit
2,2,0,0,0,0,0,0,Server Deficit
2,2,0,0,0,1,0,0,Server Deficit
2,0,2,0,0,0,0,0,Server Deficit
57,1,56,0,23,0,0,2,Well Equipped
20,1,19,0,8,0,0,0,Server Deficit
2,2,0,0,0,0,0,0,Server Deficit
2,0,2,0,0,0,0,0,Server Deficit
22,2,20,0,2,0,0,0,Server Deficit
18,0,18,0,0,0,0,0,Server Deficit
4,0,4,0,3,0,0,0,Server Deficit
9,0,9,0,0,0,0,0,Server Deficit
18,1,17,0,4,1,0,0,Server Deficit
2,1,1,0,1,0,0,0,Server Deficit
116,22,94,0,41,2,0,2,Well Equipped
5,1,4,0,0,1,0,0,Server Deficit
76,6,70,0,26,2,0,2,Well Equipped
8,6,2,0,0,0,0,0,Server Deficit
27,8,19,0,2,6,0,1,Moderate Deficit
1,0,1,0,0,1,0,0,Server Deficit
6,1,5,0,0,1,0,0,Server Deficit
9,3,6,0,1,6,0,1,Moderate Deficit
6,1,5,0,1,2,0,0,Server Deficit
45,13,32,0,40,0,0,2,Well Equipped
8,0,8,0,0,2,0,0,Server Deficit
2,0,2,0,0,0,0,0,Server Deficit
41,7,34,0,27,3,0,2,Well Equipped
9,0,9,0,7,1,0,0,Server Deficit
5,0,5,0,0,0,0,0,Server Deficit
21,8,13,0,1,2,1,1,Moderate Deficit
12,0,12,0,7,1,0,0,Server Deficit
21,2,19,0,1,0,0,0,Server Deficit
2,1,1,0,0,0,0,0,Server Deficit
10,1,9,0,1,2,0,0,Server Deficit
70,4,66,0,17,2,0,2,Well Equipped
13,1,12,0,0,2,0,0,Server Deficit
2,1,1,0,0,1,0,0,Server Deficit
3,1,2,0,1,0,0,0,Server Deficit
2,1,1,0,0,1,0,0,Server Deficit
2,0,2,0,0,1,0,0,Server Deficit
8,0,8,0,1,2,0,0,Server Deficit
5,0,5,0,1,0,0,0,Server Deficit
2,1,1,0,0,0,0,0,Server Deficit
13,6,7,0,13,0,0,0,Server Deficit
7,0,7,0,0,1,0,0,Server Deficit
9,0,9,0,0,0,0,0,Server Deficit
5,3,2,0,0,0,0,0,Server Deficit
11,1,10,0,1,1,0,0,Server Deficit
2,0,2,0,0,0,0,0,Server Deficit
9,0,9,0,2,0,0,0,Server Deficit
2,1,1,0,0,1,0,0,Server Deficit
26,10,16,0,1,2,0,1,Moderate Deficit
59,24,35,0,50,1,0,2,Well Equipped
31,4,27,0,5,1,0,1,Moderate Deficit
29,8,21,0,4,1,0,1,Moderate Deficit
21,5,16,0,1,3,0,1,Moderate Deficit
1,1,0,0,0,0,0,0,Server Deficit
3,0,3,0,0,0,0,0,Server Deficit
50,4,46,0,19,0,0,2,Well Equipped
8,0,8,0,0,1,0,0,Server Deficit
1,0,1,0,1,0,0,0,Server Deficit
17,7,10,0,0,3,0,1,Moderate Deficit
110,29,81,0,29,12,1,2,Well Equipped
20,1,19,0,14,0,0,0,Server Deficit
16,1,15,0,1,0,0,0,Server Deficit
3,0,3,0,0,0,0,0,Server Deficit
19,5,14,0,1,3,0,1,Moderate Deficit
4,0,4,0,0,1,0,0,Server Deficit
5,2,3,0,0,0,0,0,Server Deficit
23,6,17,0,8,0,0,1,Moderate Deficit
3,0,3,0,1,0,0,0,Server Deficit
5,1,4,0,0,0,0,0,Server Deficit
44,6,38,0,17,2,0,1,Moderate Deficit
2,0,2,0,0,0,0,0,Server Deficit
2,0,2,0,0,0,0,0,Server Deficit
20,1,19,0,15,0,0,0,Server Deficit
2,0,2,0,0,0,0,0,Server Deficit
27,12,15,0,1,1,0,1,Moderate Deficit
2,0,2,0,0,0,0,0,Server Deficit
63,8,55,0,29,7,3,2,Well Equipped
7,0,7,0,2,1,0,0,Server Deficit
6,2,4,0,0,2,0,0,Server Deficit
9,0,9,0,0,0,0,0,Server Deficit
54,10,44,0,31,3,0,2,Well Equipped
9,0,9,0,1,4,0,0,Server Deficit
2,1,1,0,0,0,0,0,Server Deficit
2,0,2,0,0,0,0,0,Server Deficit
2,0,2,0,0,0,0,0,Server Deficit
26,2,24,0,0,2,0,1,Moderate Deficit
5,0,5,0,1,1,0,0,Server Deficit
2,1,1,0,0,1,0,0,Server Deficit
3,1,2,0,1,0,0,0,Server Deficit
10,1,9,0,1,5,0,0,Server Deficit
2,0,2,0,0,0,0,0,Server Deficit
6,1,5,0,0,1,0,0,Server Deficit
11,0,11,0,1,0,0,0,Server Deficit
27,2,25,0,14,0,1,1,Moderate Deficit
35,0,35,0,8,4,0,1,Moderate Deficit
79,0,79,0,29,6,0,2,Well Equipped
2,1,1,0,0,0,0,0,Server Deficit
1,0,1,0,0,0,0,0,Server Deficit
2,0,2,0,0,1,0,0,Server Deficit
8,3,5,0,0,1,0,0,Server Deficit
17,4,13,0,0,4,0,1,Moderate Deficit
2,1,1,0,0,1,0,0,Server Deficit
2,0,2,0,0,0,0,0,Server Deficit
5,0,5,0,3,1,0,0,Server Deficit
2,1,1,0,0,0,0,0,Server Deficit
4,0,4,0,0,1,0,0,Server Deficit
2,0,2,0,0,1,0,0,Server Deficit
2,0,2,0,0,0,0,0,Server Deficit
11,5,6,0,1,0,1,0,Server Deficit
4,1,3,0,0,0,0,0,Server Deficit
33,3,30,0,3,0,0,1,Moderate Deficit
41,5,36,0,0,4,1,1,Moderate Deficit
32,8,24,0,5,2,0,1,Moderate Deficit
5,1,4,0,0,1,0,0,Server Deficit
6,3,3,0,1,1,0,0,Server Deficit
1,0,1,0,0,0,0,0,Server Deficit
2,0,2,0,0,0,0,0,Server Deficit
2,0,2,0,0,0,0,0,Server Deficit
32,14,18,0,1,7,0,1,Moderate Deficit
8,2,6,0,1,2,0,0,Server Deficit
20,2,18,0,2,0,0,0,Server Deficit
6,1,5,0,0,0,0,0,Server Deficit
5,0,5,0,0,1,1,0,Server Deficit
1,0,1,0,0,0,0,0,Server Deficit
9,1,8,0,1,1,0,0,Server Deficit
18,0,18,0,0,3,0,0,Server Deficit
2,1,1,0,0,0,0,0,Server Deficit
5,1,4,0,1,0,0,0,Server Deficit
10,0,10,0,1,2,0,0,Server Deficit
2,1,1,0,0,0,0,0,Server Deficit
7,1,6,0,0,3,0,0,Server Deficit
9,2,7,0,0,1,0,0,Server Deficit
20,4,16,0,2,0,0,0,Server Deficit
33,0,33,0,12,1,0,1,Moderate Deficit
19,2,17,0,1,0,0,0,Server Deficit
36,5,31,0,25,3,0,1,Moderate Deficit
65,11,54,0,28,3,0,2,Well Equipped
4,1,3,0,0,0,0,0,Server Deficit
2,1,1,0,0,1,0,0,Server Deficit
2,0,2,0,0,1,0,0,Server Deficit
9,0,9,0,0,0,0,0,Server Deficit
7,2,5,0,0,2,0,0,Server Deficit
30,4,26,0,2,2,1,1,Moderate Deficit
21,0,21,0,2,0,0,0,Server Deficit
51,1,50,0,8,3,0,1,Moderate Deficit
5,3,2,0,0,0,0,0,Server Deficit
2,1,1,0,0,0,0,0,Server Deficit
2,1,1,0,0,0,0,0,Server Deficit
4,1,3,0,0,0,0,0,Server Deficit
87,10,77,0,20,4,0,2,Well Equipped
2,0,2,0,0,0,0,0,Server Deficit
2,0,2,0,0,0,0,0,Server Deficit
2,0,2,0,0,0,0,0,Server Deficit
47,5,42,0,4,1,0,1,Moderate Deficit
41,8,33,0,2,8,0,1,Moderate Deficit
58,9,49,0,10,13,0,1,Moderate Deficit
8,0,8,0,1,3,0,0,Server Deficit
22,3,19,0,2,1,0,0,Server Deficit
1,1,0,0,0,0,0,0,Server Deficit
20,0,20,0,17,0,0,0,Server Deficit
2,1,1,0,0,1,0,0,Server Deficit
2,0,2,0,0,0,0,0,Server Deficit
37,0,37,0,2,6,0,1,Moderate Deficit
2,1,1,0,0,0,0,0,Server Deficit
2,0,2,0,0,2,0,0,Server Deficit
10,0,10,0,4,1,0,0,Server Deficit
2,0,2,0,0,0,0,0,Server Deficit
2,0,2,0,0,0,0,0,Server Deficit
5,1,4,0,0,0,0,0,Server Deficit
2,0,2,0,0,1,0,0,Server Deficit
2,0,2,0,0,1,0,0,Server Deficit
4,0,4,0,0,0,0,0,Server Deficit
2,0,2,0,0,0,0,0,Server Deficit
11,1,10,0,7,0,0,0,Server Deficit
6,2,4,0,0,0,0,0,Server Deficit
6,0,6,0,1,0,0,0,Server Deficit
2,0,2,0,0,0,0,0,Server Deficit
14,3,11,0,1,1,0,0,Server Deficit
13,2,11,0,1,2,0,0,Server Deficit
2,0,2,0,0,0,0,0,Server Deficit
19,4,15,0,2,6,0,1,Moderate Deficit
2,0,2,0,0,0,0,0,Server Deficit
2,0,2,0,0,0,0,0,Server Deficit
1,0,1,0,0,0,0,0,Server Deficit
25,2,23,0,6,6,0,1,Moderate Deficit
8,2,6,0,1,1,0,0,Server Deficit
2,0,2,0,0,1,0,0,Server Deficit
5,0,5,0,0,1,0,0,Server Deficit
22,6,16,0,3,3,0,1,Moderate Deficit
29,1,28,0,1,0,0,0,Server Deficit
9,9,0,0,1,2,0,0,Server Deficit
32,15,17,0,12,2,0,1,Moderate Deficit
1,0,1,0,0,0,0,0,Server Deficit
8,2,6,0,0,4,0,0,Server Deficit
80,9,71,0,40,7,0,2,Well Equipped
2,0,2,0,0,0,0,0,Server Deficit
2,1,1,0,0,0,0,0,Server Deficit
2,0,2,0,2,0,0,0,Server Deficit
82,0,82,0,32,1,0,2,Well Equipped
3,0,3,0,0,2,0,0,Server Deficit
4,0,4,0,0,1,0,0,Server Deficit
5,0,5,0,0,0,1,0,Server Deficit
38,7,31,0,11,1,0,1,Moderate Deficit
2,0,2,0,0,1,0,0,Server Deficit
11,4,7,0,0,3,0,0,Server Deficit
35,7,28,0,0,4,1,1,Moderate Deficit
1,0,1,0,0,1,0,0,Server Deficit
15,0,15,0,0,3,0,0,Server Deficit
2,0,2,0,0,0,0,0,Server Deficit
2,0,2,0,0,0,0,0,Server Deficit
7,0,7,0,0,3,0,0,Server Deficit
2,0,2,0,0,2,0,0,Server Deficit
6,3,3,0,0,2,0,0,Server Deficit
2,0,2,0,1,1,0,0,Server Deficit
33,3,30,0,2,8,0,1,Moderate Deficit
30,4,26,0,26,1,0,1,Moderate Deficit
2,0,2,0,0,0,0,0,Server Deficit
2,0,2,0,0,2,0,0,Server Deficit
3,0,3,0,1,1,0,0,Server Deficit
2,0,2,0,0,0,0,0,Server Deficit
4,0,4,0,1,1,0,0,Server Deficit
36,2,34,0,11,0,0,1,Moderate Deficit
11,1,10,0,0,1,0,0,Server Deficit
2,2,0,0,1,0,0,0,Server Deficit
37,0,37,0,8,10,0,1,Moderate Deficit
6,0,6,0,0,0,0,0,Server Deficit
2,0,2,0,1,0,0,0,Server Deficit
12,1,11,0,8,1,0,0,Server Deficit
1,1,0,0,0,0,0,0,Server Deficit
52,15,37,0,5,1,0,1,Moderate Deficit
16,7,9,0,1,2,0,1,Moderate Deficit
8,0,8,0,1,4,0,0,Server Deficit
2,0,2,0,0,0,0,0,Server Deficit
5,0,5,0,0,1,0,0,Server Deficit
5,0,5,0,0,0,0,0,Server Deficit
2,0,2,0,0,0,0,0,Server Deficit
70,5,65,0,26,3,0,2,Well Equipped
20,9,11,0,2,3,0,1,Moderate Deficit
6,0,6,0,0,0,0,0,Server Deficit
5,0,5,0,0,0,0,0,Server Deficit
2,1,1,0,0,0,0,0,Server Deficit
2,1,1,0,0,0,0,0,Server Deficit
20,4,16,0,3,0,0,0,Server Deficit
5,0,5,0,0,1,0,0,Server Deficit
8,3,5,0,2,1,0,0,Server Deficit
6,1,5,0,1,0,0,0,Server Deficit
2,1,1,0,0,1,0,0,Server Deficit
13,0,13,0,1,4,0,0,Server Deficit
14,0,14,0,1,0,0,0,Server Deficit
16,3,13,0,0,1,0,0,Server Deficit
3,0,3,0,0,0,0,0,Server Deficit
20,8,12,0,0,3,0,1,Moderate Deficit
28,4,24,0,4,1,0,1,Moderate Deficit
